Codice Chiesa;Codice Pavimenti;Quadrante;Data;Quota;Cappela;Primario Stile;# Passi alla Cappella;Altare 1;# Passi alla Altare 1;Quota di Altare 1;Altare 2;# Passi alla Altare 2;Quota di Altare 2;Nota;Entrata?;Contenere Banco?;Contenere Reperti?;Numero di Reperti;MAPINFO_ID
AGNE;AGNE_A;A;22/06/2004;1,06;VERO;;0,00;VERO;2;1,30;FALSO;0;0,00;;FALSO;FALSO;FALSO;;1
AGNE;AGNE_B;B;22/06/2004;1,11;FALSO;;0,00;FALSO;0;0,00;FALSO;0;0,00;;VERO;VERO;FALSO;;2
AGNE;AGNE_C;C;22/06/2004;1,14;FALSO;;0,00;VERO;2;1,37;FALSO;0;0,00;;VERO;FALSO;FALSO;;3
AGNE;AGNE_D;D;22/06/2004;1,09;FALSO;;0,00;VERO;2;1,38;FALSO;0;0,00;;FALSO;FALSO;FALSO;;4
AGNE;AGNE_E;E;22/06/2004;1,11;FALSO;;0,00;FALSO;0;0,00;FALSO;0;0,00;;FALSO;VERO;FALSO;;5
AGNE;AGNE_F;F;22/06/2004;1,13;FALSO;;0,00;VERO;2;1,38;FALSO;0;0,00;;FALSO;FALSO;FALSO;;6
AGNE;AGNE_G;G;22/06/2004;1,11;FALSO;;0,00;FALSO;0;0,00;FALSO;0;0,00;;FALSO;FALSO;FALSO;;7
AGNE;AGNE_H;H;22/06/2004;1,10;FALSO;;0,00;FALSO;0;0,00;FALSO;0;0,00;about 90 percent covered with wooden platform;FALSO;VERO;FALSO;;8
AGNE;AGNE_I;I;22/06/2004;1,12;FALSO;;0,00;FALSO;0;0,00;FALSO;0;0,00;;FALSO;FALSO;FALSO;;9
AGNE;AGNE_J;J;22/06/2004;1,30;VERO;;2,00;VERO;3;1,76;FALSO;0;0,00;side chapel;FALSO;FALSO;FALSO;;10
AGNE;AGNE_K;K;22/06/2004;1,54;VERO;Wooden Floor;2,00;VERO;0;1,54;FALSO;0;0,00;main alter, floor in excellent condition, raised floor;FALSO;FALSO;VERO;;11
AGNE;AGNE_M;M;22/06/2004;1,27;VERO;Smaller Red and White Checkered;2,00;VERO;3;1,74;FALSO;0;0,00;side chapel;FALSO;FALSO;FALSO;;12
ALVI;ALVI_A;A;04/07/2002;1,35;FALSO;;;FALSO;;;FALSO;;;;FALSO;FALSO;FALSO;;13
ALVI;ALVI_B;B;04/07/2002;1,35;FALSO;;;FALSO;;;FALSO;;;45% obscured by large pews;FALSO;FALSO;FALSO;;14
ALVI;ALVI_C;C;04/07/2002;1,35;FALSO;;;FALSO;;;FALSO;;;;FALSO;FALSO;FALSO;;15
ALVI;ALVI_D;D;04/07/2002;1,35;FALSO;;;FALSO;;;FALSO;;;;FALSO;FALSO;FALSO;;16
ALVI;ALVI_E;E;04/07/2002;1,35;FALSO;;;FALSO;;;FALSO;;;;FALSO;FALSO;FALSO;;17
ALVI;ALVI_F;F;04/07/2002;1,35;FALSO;;;FALSO;;;FALSO;;;;FALSO;FALSO;FALSO;;18
ALVI;ALVI_G;G;04/07/2002;1,35;FALSO;;;FALSO;;;FALSO;;;;FALSO;FALSO;FALSO;;19
ANNU;ANNU_A;A;05/07/2004;1,45;FALSO;;0,00;FALSO;0;0,00;FALSO;0;0,00;;FALSO;FALSO;FALSO;;1329
ANNU;ANNU_B;B;05/07/2004;1,45;FALSO;;0,00;VERO;1;0,00;FALSO;0;0,00;contains alter with no steps;VERO;VERO;FALSO;;1330
ANNU;ANNU_C;C;05/07/2004;1,53;VERO;;1,00;VERO;0;1,53;FALSO;0;0,00;main alter;FALSO;FALSO;FALSO;;1331
APOS;APOS_A;A;02/07/2002;1,25;FALSO;;;FALSO;;;FALSO;;;;FALSO;FALSO;FALSO;;20
APOS;APOS_B;B;02/07/2002;1,25;FALSO;;;FALSO;;;FALSO;;;;FALSO;FALSO;FALSO;;21
APOS;APOS_C;C;02/07/2002;1,25;FALSO;;;FALSO;;;FALSO;;;;FALSO;FALSO;FALSO;;22
APOS;APOS_D;D;02/07/2002;1,25;FALSO;;;FALSO;;;FALSO;;;;FALSO;FALSO;FALSO;;23
APOS;APOS_E;E;02/07/2002;1,25;FALSO;;;FALSO;;;FALSO;;;;FALSO;FALSO;FALSO;;24
APOS;APOS_F;F;02/07/2002;1,25;FALSO;;;FALSO;;;FALSO;;;;FALSO;FALSO;FALSO;;25
APOS;APOS_G;G;02/07/2002;1,25;FALSO;;;FALSO;;;FALSO;;;;FALSO;FALSO;FALSO;;26
APOS;APOS_H;H;02/07/2002;1,25;FALSO;;;FALSO;;;FALSO;;;;FALSO;FALSO;FALSO;;27
APOS;APOS_I;I;02/07/2002;1,25;FALSO;;;FALSO;;;FALSO;;;;FALSO;FALSO;FALSO;;28
APOS;APOS_J;J;02/07/2002;1,25;FALSO;;;FALSO;;;FALSO;;;;FALSO;FALSO;FALSO;;29
APOS;APOS_K;K;02/07/2002;1,25;FALSO;;;FALSO;;;FALSO;;;;FALSO;FALSO;FALSO;;30
APOS;APOS_L;L;02/07/2002;1,25;FALSO;;;FALSO;;;FALSO;;;;FALSO;FALSO;FALSO;;31
APOS;APOS_M;M;02/07/2002;1,25;FALSO;;;FALSO;;;FALSO;;;;FALSO;FALSO;FALSO;;32
APOS;APOS_N;N;02/07/2002;1,25;FALSO;;;FALSO;;;FALSO;;;;FALSO;FALSO;FALSO;;33
ASSG;ASSG_A;A;20/06/2002;1,89;FALSO;;;FALSO;;;FALSO;;;;FALSO;FALSO;FALSO;;34
ASSG;ASSG_B;B;20/06/2002;1,89;FALSO;;;FALSO;;;FALSO;;;;FALSO;FALSO;FALSO;;35
ASSG;ASSG_C;C;20/06/2002;1,89;FALSO;;;FALSO;;;FALSO;;;;FALSO;FALSO;FALSO;;36
ASSG;ASSG_D;D;20/06/2002;1,89;FALSO;;;FALSO;;;FALSO;;;;FALSO;FALSO;FALSO;;37
ASSG;ASSG_E;E;20/06/2002;1,89;FALSO;;;FALSO;;;FALSO;;;;FALSO;FALSO;FALSO;;38
ASSG;ASSG_F;F;20/06/2002;1,89;FALSO;;;FALSO;;;FALSO;;;;FALSO;FALSO;FALSO;;39
ASSG;ASSG_G;G;20/06/2002;1,89;FALSO;;;FALSO;;;FALSO;;;;FALSO;FALSO;FALSO;;40
ASSG;ASSG_H;H;20/06/2002;1,89;FALSO;;;FALSO;;;FALSO;;;;FALSO;FALSO;FALSO;;41
ASSG;ASSG_I;I;20/06/2002;1,89;FALSO;;;FALSO;;;FALSO;;;;FALSO;FALSO;FALSO;;42
ASSG;ASSG_J;J;20/06/2002;1,89;FALSO;;;FALSO;;;FALSO;;;;FALSO;FALSO;FALSO;;43
ASSG;ASSG_K;K;20/06/2002;1,89;FALSO;;;FALSO;;;FALSO;;;;FALSO;FALSO;FALSO;;44
ASSG;ASSG_L;L;20/06/2002;1,89;FALSO;;;FALSO;;;FALSO;;;;FALSO;FALSO;FALSO;;45
ASSG;ASSG_M;M;20/06/2002;1,89;FALSO;;;FALSO;;;FALSO;;;;FALSO;FALSO;FALSO;;46
ASSG;ASSG_N;N;20/06/2002;1,89;FALSO;;;FALSO;;;FALSO;;;;FALSO;FALSO;FALSO;;47
ASSG;ASSG_O;O;20/06/2002;1,89;FALSO;;;FALSO;;;FALSO;;;;FALSO;FALSO;FALSO;;48
ASSG;ASSG_P;P;20/06/2002;1,89;FALSO;;;FALSO;;;FALSO;;;;FALSO;FALSO;FALSO;;49
ASSG;ASSG_Q;Q;20/06/2002;1,89;FALSO;;;FALSO;;;FALSO;;;;FALSO;FALSO;FALSO;;50
ASSG;ASSG_R;R;20/06/2002;1,89;FALSO;;;FALSO;;;FALSO;;;;FALSO;FALSO;FALSO;;51
ASSG;ASSG_S;S;20/06/2002;1,89;FALSO;;;FALSO;;;FALSO;;;;FALSO;FALSO;FALSO;;52
BARN;BARN_A;A;11/07/2002;1,55;FALSO;;;FALSO;;;FALSO;;;;FALSO;FALSO;FALSO;;53
BARN;BARN_B;B;11/07/2002;1,55;FALSO;;;FALSO;;;FALSO;;;;FALSO;FALSO;FALSO;;54
BARN;BARN_C;C;11/07/2002;1,55;FALSO;;;FALSO;;;FALSO;;;;FALSO;FALSO;FALSO;;55
BARN;BARN_D;D;11/07/2002;1,55;FALSO;;;FALSO;;;FALSO;;;;FALSO;FALSO;FALSO;;56
BARN;BARN_E;E;11/07/2002;1,55;FALSO;;;FALSO;;;FALSO;;;;FALSO;FALSO;FALSO;;57
BARN;BARN_F;F;11/07/2002;1,55;FALSO;;;FALSO;;;FALSO;;;;FALSO;FALSO;FALSO;;58
BARN;BARN_G;G;11/07/2002;1,55;FALSO;;;FALSO;;;FALSO;;;;FALSO;FALSO;FALSO;;59
BART;BART_A;A;07/07/2004;1,65;VERO;;1,00;VERO;2;1,94;FALSO;0;0,00;side chapel;FALSO;FALSO;FALSO;;1378
BART;BART_B;B;07/07/2004;1,50;FALSO;;0,00;FALSO;0;0,00;FALSO;0;0,00;;VERO;FALSO;VERO;;1379
BART;BART_C;C;07/07/2004;1,63;VERO;;1,00;VERO;2;1,94;FALSO;0;0,00;side chapel;FALSO;FALSO;FALSO;;1380
BART;BART_D;D;07/07/2004;1,53;FALSO;;0,00;FALSO;0;0,00;FALSO;0;0,00;carpet residue on tiles;FALSO;FALSO;VERO;;1381
BART;BART_E;E;07/07/2004;1,52;FALSO;;0,00;FALSO;0;0,00;FALSO;0;0,00;;FALSO;VERO;VERO;;1382
BART;BART_F;F;07/07/2004;1,50;FALSO;;0,00;VERO;2;1,81;FALSO;0;0,00;contains small alter;FALSO;FALSO;FALSO;;1383
BART;BART_G;G;07/07/2004;1,48;FALSO;;0,00;VERO;2;1,81;FALSO;0;0,00;contains small alter;FALSO;FALSO;VERO;;1384
BART;BART_H;H;07/07/2004;1,52;FALSO;;0,00;FALSO;0;0,00;FALSO;0;0,00;;FALSO;VERO;VERO;;1385
BART;BART_I;I;07/07/2004;1,48;FALSO;;0,00;VERO;2;1,80;FALSO;0;0,00;contains small alter;FALSO;FALSO;VERO;;1386
BART;BART_J;J;07/07/2004;1,50;FALSO;;0,00;FALSO;0;0,00;FALSO;0;0,00;;FALSO;FALSO;VERO;;1387
BART;BART_K;K;07/07/2004;1,52;FALSO;;0,00;FALSO;0;0,00;FALSO;0;0,00;80 percent covered by carpet;FALSO;FALSO;VERO;;1388
BART;BART_L;L;07/07/2004;1,52;FALSO;;0,00;FALSO;0;0,00;FALSO;0;0,00;;FALSO;FALSO;VERO;;1389
BART;BART_M;M;07/07/2004;1,79;VERO;;2,00;VERO;2;2,13;FALSO;0;0,00;side chapel;FALSO;FALSO;VERO;;1390
BART;BART_N;N;07/07/2004;1,84;VERO;;2,00;VERO;3;2,30;FALSO;0;0,00;main alter;FALSO;FALSO;FALSO;;1391
BART;BART_O;O;07/07/2004;1,84;VERO;;2,00;VERO;2;2,15;FALSO;0;0,00;side chapel;FALSO;FALSO;FALSO;;1392
BART;BART_P;P;07/07/2004;1,49;FALSO;;0,00;FALSO;0;0,00;FALSO;0;0,00;side entrance with original floor;FALSO;FALSO;VERO;;1393
BIAG;BIAG_A;A;;1,78;FALSO;;0,00;FALSO;0;0,00;FALSO;0;0,00;;FALSO;FALSO;FALSO;;60
BIAG;BIAG_B;B;;1,80;FALSO;;0,00;FALSO;0;0,00;FALSO;0;0,00;;FALSO;FALSO;FALSO;;61
BIAG;BIAG_C;C;;1,77;FALSO;;0,00;FALSO;0;0,00;FALSO;0;0,00;;FALSO;FALSO;FALSO;;62
BIAG;BIAG_D;D;;1,82;FALSO;;0,00;FALSO;0;0,00;FALSO;0;0,00;;FALSO;FALSO;FALSO;;63
BIAG;BIAG_E;E;;1,84;FALSO;;0,00;FALSO;0;0,00;FALSO;0;0,00;;FALSO;FALSO;FALSO;;64
BIAG;BIAG_F;F;;1,88;FALSO;;0,00;FALSO;0;0,00;FALSO;0;0,00;;FALSO;FALSO;FALSO;;65
BIAG;BIAG_G;G;;2,06;FALSO;;0,00;FALSO;0;0,00;FALSO;0;0,00;;FALSO;FALSO;FALSO;;66
BRAG;BRAG_A;A;26/06/2003;1,56;FALSO;;;VERO;1;0,00;FALSO;0;0,00;;FALSO;FALSO;FALSO;;67
BRAG;BRAG_B;B;26/06/2003;1,57;FALSO;;;FALSO;0;0,00;FALSO;0;0,00;;FALSO;FALSO;FALSO;;68
BRAG;BRAG_C;C;26/06/2003;1,53;FALSO;;;FALSO;0;0,00;FALSO;0;0,00;;FALSO;FALSO;FALSO;;69
BRAG;BRAG_D;D;26/06/2003;1,54;FALSO;;;FALSO;0;0,00;FALSO;0;0,00;;FALSO;FALSO;FALSO;;70
BRAG;BRAG_E;E;26/06/2003;1,55;FALSO;;;FALSO;0;0,00;FALSO;0;0,00;;FALSO;FALSO;FALSO;;71
BRAG;BRAG_F;F;26/06/2003;1,53;FALSO;;;FALSO;0;0,00;FALSO;0;0,00;;FALSO;FALSO;FALSO;;72
BRAG;BRAG_G;G;26/06/2003;1,53;FALSO;;;VERO;3;0,00;FALSO;0;0,00;;FALSO;FALSO;FALSO;;73
BRAG;BRAG_H;H;26/06/2003;1,68;FALSO;;;VERO;2;0,00;VERO;2;0,00;;FALSO;FALSO;FALSO;;74
BRAG;BRAG_I;I;26/06/2003;2,19;VERO;Diamond Shape with red white and black;;VERO;3;0,00;FALSO;0;0,00;;FALSO;FALSO;FALSO;;75
BRAG;BRAG_J;J;26/06/2003;1,73;VERO;Smaller Red and White Checkered;;VERO;2;0,00;FALSO;0;0,00;;FALSO;FALSO;FALSO;;76
BRAG;BRAG_K;K;26/06/2003;1,60;VERO;Complex square pattern with red, white, and black;;VERO;3;0,00;FALSO;0;0,00;;FALSO;FALSO;FALSO;;77
BRAG;BRAG_L;L;26/06/2003;1,63;VERO;Hexagon red, white, and black;;VERO;3;0,00;FALSO;0;0,00;;FALSO;FALSO;FALSO;;78
BRAG;BRAG_M;M;26/06/2003;1,78;VERO;Smaller Red and White Checkered;;VERO;2;0,00;FALSO;0;0,00;;FALSO;FALSO;FALSO;;79
CANC;CANC_A;A;20/06/2005;1,69;FALSO;Complex square pattern with red, white, and black;0,00;FALSO;0;0,00;FALSO;0;0,00;side statue;VERO;FALSO;VERO;;1476
CANC;CANC_B;B;20/06/2005;1,69;FALSO;Complex square pattern with red, white, and black;0,00;FALSO;0;0,00;FALSO;0;0,00;contains pews, chairs, cross, candles;VERO;VERO;VERO;;1477
CANC;CANC_C;C;20/06/2005;1,71;FALSO;Complex square pattern with red, white, and black;0,00;FALSO;0;0,00;FALSO;0;0,00;contains desk, signs, 2 side statue, pew, chair, candles;VERO;VERO;FALSO;;1478
CANC;CANC_D;D;20/06/2005;1,74;FALSO;Complex square pattern with red, white, and black;0,00;VERO;2;0,00;FALSO;0;0,00;contains small side altar;FALSO;FALSO;VERO;;1479
CANC;CANC_E;E;20/06/2005;1,72;FALSO;Complex square pattern with red, white, and black;0,00;FALSO;0;0,00;FALSO;0;0,00;contains pews and artifacts;FALSO;VERO;VERO;;1480
CANC;CANC_F;F;20/06/2005;1,72;FALSO;Complex square pattern with red, white, and black;0,00;VERO;2;0,00;FALSO;0;0,00;contains small side altar and confessional;FALSO;VERO;VERO;;1481
CANC;CANC_G;G;20/06/2005;1,76;FALSO;Complex square pattern with red, white, and black;0,00;VERO;2;0,00;FALSO;0;0,00;contains small side altar and pews;FALSO;VERO;VERO;;1482
CANC;CANC_H;H;20/06/2005;1,76;FALSO;Complex square pattern with red, white, and black;0,00;FALSO;0;0,00;FALSO;0;0,00;main aisle;FALSO;VERO;VERO;;1483
CANC;CANC_I;I;20/06/2005;1,73;FALSO;Complex square pattern with red, white, and black;0,00;VERO;2;0,00;FALSO;0;0,00;contains small side altar;FALSO;FALSO;VERO;;1484
CANC;CANC_J;J;20/06/2005;1,79;FALSO;Complex square pattern with red, white, and black;0,00;FALSO;0;0,00;VERO;0;0,00;;VERO;VERO;VERO;;1485
CANC;CANC_K;K;20/06/2005;1,76;FALSO;Complex square pattern with red, white, and black;0,00;FALSO;0;0,00;FALSO;0;0,00;main aisle just before altar;FALSO;VERO;VERO;;1486
CANC;CANC_L;L;20/06/2005;1,73;FALSO;Complex square pattern with red, white, and black;0,00;FALSO;0;0,00;FALSO;0;0,00;contains candles and book stand with Bible;VERO;VERO;VERO;;1487
CANC;CANC_M;M;20/06/2005;2,19;VERO;no apparent pattern;2,00;VERO;2;0,00;FALSO;0;0,00;contains tomb and altar;FALSO;VERO;VERO;;1488
CANC;CANC_N;N;20/06/2005;2,23;FALSO;Hexagon red, white, and black;2,00;VERO;3;0,00;FALSO;0;0,00;main altar;FALSO;FALSO;VERO;;1489
CANC;CANC_O;O;20/06/2005;2,17;VERO;complicated circle and square pattern;2,00;VERO;2;0,00;FALSO;0;0,00;;FALSO;VERO;FALSO;;1490
CAPP;CAPP_A;A;04/07/2002;1,39;FALSO;;;FALSO;;;FALSO;;;;FALSO;FALSO;FALSO;;292
CAPP;CAPP_B;B;04/07/2002;1,39;FALSO;;;FALSO;;;FALSO;;;;FALSO;FALSO;FALSO;;293
CAPP;CAPP_C;C;04/07/2002;1,39;FALSO;;;FALSO;;;FALSO;;;;FALSO;FALSO;FALSO;;294
CAPP;CAPP_D;D;04/07/2002;1,39;FALSO;;;FALSO;;;FALSO;;;;FALSO;FALSO;FALSO;;295
CARM;CARM_A;A;15/07/2004;1,14;FALSO;;0,00;FALSO;0;0,00;FALSO;0;0,00;;FALSO;FALSO;FALSO;;1429
CARM;CARM_B;B;15/07/2004;1,19;FALSO;;0,00;FALSO;0;0,00;FALSO;0;0,00;;VERO;FALSO;FALSO;;1430
CARM;CARM_C;C;15/07/2004;1,23;FALSO;;0,00;FALSO;0;0,00;FALSO;0;0,00;;FALSO;FALSO;VERO;;1431
CARM;CARM_D;D;15/07/2004;1,14;FALSO;;0,00;VERO;3;1,67;FALSO;0;0,00;contains side alter;FALSO;FALSO;VERO;;1432
CARM;CARM_E;E;15/07/2004;1,19;FALSO;;0,00;FALSO;0;0,00;FALSO;0;0,00;;FALSO;FALSO;VERO;;1433
CARM;CARM_F;F;15/07/2004;1,19;FALSO;;0,00;VERO;3;1,73;FALSO;0;0,00;contains side alter;FALSO;FALSO;VERO;;1434
CARM;CARM_G;G;15/07/2004;1,17;FALSO;;0,00;VERO;2;1,53;FALSO;0;0,00;contains side alter;VERO;FALSO;VERO;;1435
CARM;CARM_H;H;15/07/2004;1,19;FALSO;;0,00;FALSO;0;0,00;FALSO;0;0,00;;FALSO;VERO;VERO;;1436
CARM;CARM_I;I;15/07/2004;1,19;FALSO;;0,00;VERO;2;1,49;FALSO;0;0,00;contains side alter;FALSO;FALSO;VERO;;1437
CARM;CARM_J;J;15/07/2004;1,18;FALSO;;0,00;VERO;3;1,71;FALSO;0;0,00;contains side alter;FALSO;FALSO;FALSO;;1438
CARM;CARM_K;K;15/07/2004;1,19;FALSO;;0,00;FALSO;0;0,00;FALSO;0;0,00;;FALSO;VERO;VERO;;1439
CARM;CARM_L;L;15/07/2004;1,18;FALSO;;0,00;VERO;3;1,65;FALSO;0;0,00;contains side alter;FALSO;FALSO;VERO;;1440
CARM;CARM_M;M;15/07/2004;1,24;FALSO;;0,00;FALSO;0;0,00;FALSO;0;0,00;;FALSO;FALSO;VERO;;1441
CARM;CARM_N;N;15/07/2004;1,22;FALSO;;0,00;FALSO;0;0,00;FALSO;0;0,00;;FALSO;VERO;VERO;;1442
CARM;CARM_O;O;15/07/2004;1,23;FALSO;;0,00;FALSO;0;0,00;FALSO;0;0,00;;FALSO;FALSO;VERO;;1443
CARM;CARM_P;P;15/07/2004;1,31;FALSO;;0,00;VERO;2;1,58;FALSO;0;0,00;contains side alter;FALSO;FALSO;VERO;;1444
CARM;CARM_Q;Q;15/07/2004;1,26;FALSO;;0,00;FALSO;0;0,00;FALSO;0;0,00;;FALSO;VERO;FALSO;;1445
CARM;CARM_R;R;15/07/2004;1,27;FALSO;;0,00;VERO;2;1,59;FALSO;0;0,00;contains side alter;FALSO;FALSO;VERO;;1446
CARM;CARM_S;S;15/07/2004;1,34;FALSO;;0,00;FALSO;0;0,00;FALSO;0;0,00;;VERO;FALSO;VERO;;1447
CARM;CARM_T;T;15/07/2004;1,29;FALSO;;0,00;FALSO;0;0,00;FALSO;0;0,00;65 percent covered by carpet;FALSO;FALSO;VERO;;1448
CARM;CARM_U;U;15/07/2004;1,32;FALSO;;0,00;FALSO;0;0,00;FALSO;0;0,00;2 large vents with grates;FALSO;FALSO;VERO;;1449
CARM;CARM_V;V;15/07/2004;1,64;FALSO;;;FALSO;;0,00;FALSO;0;0,00;;FALSO;FALSO;VERO;;1450
CARM;CARM_W;W;15/07/2004;1,64;VERO;;2,00;VERO;3;2,18;FALSO;0;0,00;side chapel;FALSO;FALSO;VERO;;1451
CARM;CARM_X;X;15/07/2004;1,74;VERO;;2,00;VERO;6;2,76;FALSO;0;0,00;main alter, 70 percent carpet;FALSO;FALSO;VERO;;1452
CARM;CARM_Y;Y;15/07/2004;1,57;VERO;;2,00;VERO;3;2,06;FALSO;0;0,00;side chapel;FALSO;FALSO;VERO;;1453
CASS;CASS_A;A;;1,55;FALSO;;0,00;FALSO;0;0,00;FALSO;0;0,00;;FALSO;FALSO;FALSO;;80
CASS;CASS_B;B;;1,59;FALSO;;0,00;FALSO;0;0,00;FALSO;0;0,00;;FALSO;FALSO;FALSO;;81
CASS;CASS_C;C;;1,53;FALSO;;0,00;FALSO;0;0,00;FALSO;0;0,00;;FALSO;FALSO;FALSO;;82
CASS;CASS_D;D;;1,50;FALSO;;0,00;FALSO;0;0,00;FALSO;0;0,00;;FALSO;FALSO;FALSO;;83
CASS;CASS_E;E;;1,57;FALSO;;0,00;FALSO;0;0,00;FALSO;0;0,00;;FALSO;FALSO;FALSO;;84
CASS;CASS_F;F;;1,51;FALSO;;0,00;FALSO;0;0,00;FALSO;0;0,00;;FALSO;FALSO;FALSO;;85
CASS;CASS_G;G;;1,47;FALSO;;0,00;FALSO;0;0,00;FALSO;0;0,00;;FALSO;FALSO;FALSO;;86
CASS;CASS_H;H;;1,54;FALSO;;0,00;FALSO;0;0,00;FALSO;0;0,00;;FALSO;FALSO;FALSO;;87
CASS;CASS_I;I;;1,45;FALSO;;0,00;FALSO;0;0,00;FALSO;0;0,00;;FALSO;FALSO;FALSO;;88
CASS;CASS_J;J;;1,69;FALSO;;0,00;FALSO;0;0,00;FALSO;0;0,00;;FALSO;FALSO;FALSO;;89
CASS;CASS_K;K;;2,24;FALSO;;0,00;FALSO;0;0,00;FALSO;0;0,00;;FALSO;FALSO;FALSO;;90
CASS;CASS_L;L;;1,73;FALSO;;0,00;FALSO;0;0,00;FALSO;0;0,00;;FALSO;FALSO;FALSO;;91
ELEM;ELEM_A;A;11/07/2002;1,54;FALSO;;;FALSO;;;FALSO;;;;FALSO;FALSO;FALSO;;92
ELEM;ELEM_B;B;11/07/2002;1,54;FALSO;;;FALSO;;;FALSO;;;;FALSO;FALSO;FALSO;;93
ELEM;ELEM_C;C;11/07/2002;1,54;FALSO;;;FALSO;;;FALSO;;;;FALSO;FALSO;FALSO;;94
ELEM;ELEM_D;D;11/07/2002;1,54;FALSO;;;FALSO;;;FALSO;;;;FALSO;FALSO;FALSO;;95
ELEM;ELEM_E;E;11/07/2002;1,54;FALSO;;;FALSO;;;FALSO;;;;FALSO;FALSO;FALSO;;96
ELEM;ELEM_F;F;11/07/2002;1,54;FALSO;;;FALSO;;;FALSO;;;;FALSO;FALSO;FALSO;;97
ELEM;ELEM_G;G;11/07/2002;1,54;FALSO;;;FALSO;;;FALSO;;;;FALSO;FALSO;FALSO;;98
ELEM;ELEM_H;H;11/07/2002;1,54;FALSO;;;FALSO;;;FALSO;;;;FALSO;FALSO;FALSO;;99
ELEM;ELEM_I;I;11/07/2002;1,54;FALSO;;;FALSO;;;FALSO;;;;FALSO;FALSO;FALSO;;100
ELEN;ELEN_A;A;;1,07;FALSO;;0,00;FALSO;0;0,00;FALSO;0;0,00;;FALSO;FALSO;FALSO;;101
ELEN;ELEN_B;B;;1,05;FALSO;;0,00;FALSO;0;0,00;FALSO;0;0,00;;FALSO;FALSO;FALSO;;102
ELEN;ELEN_C;C;;1,00;FALSO;;0,00;FALSO;0;0,00;FALSO;0;0,00;;FALSO;FALSO;FALSO;;103
ELEN;ELEN_D;D;;1,20;FALSO;;0,00;FALSO;0;0,00;FALSO;0;0,00;;FALSO;FALSO;FALSO;;104
ELEN;ELEN_E;E;;1,05;FALSO;;0,00;FALSO;0;0,00;FALSO;0;0,00;;FALSO;FALSO;FALSO;;105
EVAN;EVAN_A;A;28/06/2004;1,01;FALSO;;0,00;FALSO;0;0,00;FALSO;0;0,00;85 percent covered by resoration equipment and pews;VERO;FALSO;VERO;;662
EVAN;EVAN_B;B;28/06/2004;0,98;FALSO;;0,00;FALSO;0;0,00;FALSO;0;0,00;85 percent covered by restoration equipment and pews;VERO;FALSO;FALSO;;663
EVAN;EVAN_C;C;28/06/2004;0,98;VERO;;1,00;VERO;1;0,00;FALSO;0;0,00;contains a small side chapel;VERO;FALSO;VERO;;664
EVAN;EVAN_D;D;28/06/2004;0,94;VERO;;1,00;VERO;1;0,00;FALSO;0;0,00;contains small side chapel;FALSO;FALSO;VERO;;665
EVAN;EVAN_E;E;28/06/2004;1,23;VERO;;2,00;VERO;4;1,83;FALSO;0;0,00;main alter;FALSO;FALSO;FALSO;;666
EVAN;EVAN_F;F;28/06/2004;1,07;FALSO;;1,00;VERO;3;1,53;FALSO;0;0,00;side chapel, 90 percent covered by restoration equipment;FALSO;FALSO;FALSO;;667
EVAN;EVAN_G;G;28/06/2004;0,98;FALSO;;0,00;FALSO;0;0,00;FALSO;0;0,00;side entrance;VERO;FALSO;FALSO;;668
EVAN;EVAN_H;H;28/06/2004;1,17;VERO;;1,00;VERO;3;1,61;FALSO;0;0,00;side chapel;FALSO;FALSO;FALSO;;669
FAVA;FAVA_A;A;11/07/2003;2,73;FALSO;;0,00;FALSO;0;0,00;FALSO;0;0,00;;FALSO;FALSO;FALSO;;106
FAVA;FAVA_B;B;11/07/2003;2,73;FALSO;;0,00;FALSO;0;0,00;FALSO;0;0,00;;FALSO;FALSO;FALSO;;107
FAVA;FAVA_C;C;11/07/2003;2,73;FALSO;;0,00;FALSO;0;0,00;FALSO;0;0,00;;FALSO;FALSO;FALSO;;108
FAVA;FAVA_D;D;11/07/2003;2,73;FALSO;;0,00;FALSO;0;0,00;FALSO;0;0,00;;FALSO;FALSO;FALSO;;109
FAVA;FAVA_E;E;11/07/2003;2,73;FALSO;;0,00;FALSO;0;0,00;FALSO;0;0,00;;FALSO;FALSO;FALSO;;110
FAVA;FAVA_F;F;11/07/2003;2,73;FALSO;;0,00;FALSO;0;0,00;FALSO;0;0,00;;FALSO;FALSO;FALSO;;111
FAVA;FAVA_G;G;11/07/2003;2,73;FALSO;;0,00;FALSO;0;0,00;FALSO;0;0,00;;FALSO;FALSO;FALSO;;112
FAVA;FAVA_H;H;11/07/2003;2,73;FALSO;;0,00;FALSO;0;0,00;FALSO;0;0,00;;FALSO;FALSO;FALSO;;113
FAVA;FAVA_I;I;11/07/2003;2,73;FALSO;;0,00;FALSO;0;0,00;FALSO;0;0,00;;FALSO;FALSO;FALSO;;114
FAVA;FAVA_J;J;11/07/2003;2,73;FALSO;;0,00;FALSO;0;0,00;FALSO;0;0,00;;FALSO;FALSO;FALSO;;115
FELI;FELI_A;A;01/07/2002;2,10;FALSO;;;FALSO;;;FALSO;;;;FALSO;FALSO;FALSO;;116
FELI;FELI_B;B;01/07/2002;2,10;FALSO;;;FALSO;;;FALSO;;;;FALSO;FALSO;FALSO;;117
FELI;FELI_C;C;01/07/2002;2,10;FALSO;;;FALSO;;;FALSO;;;;FALSO;FALSO;FALSO;;118
FELI;FELI_D;D;01/07/2002;2,10;FALSO;;;FALSO;;;FALSO;;;;FALSO;FALSO;FALSO;;119
FELI;FELI_E;E;01/07/2002;2,10;FALSO;;;FALSO;;;FALSO;;;;FALSO;FALSO;FALSO;;120
FELI;FELI_F;F;01/07/2002;2,10;FALSO;;;FALSO;;;FALSO;;;;FALSO;FALSO;FALSO;;121
FELI;FELI_G;G;01/07/2002;2,10;FALSO;;;FALSO;;;FALSO;;;;FALSO;FALSO;FALSO;;122
FELI;FELI_H;H;01/07/2002;2,10;FALSO;;;FALSO;;;FALSO;;;;FALSO;FALSO;FALSO;;123
FELI;FELI_I;I;01/07/2002;2,10;FALSO;;;FALSO;;;FALSO;;;;FALSO;FALSO;FALSO;;124
FORM;FORM_A;A;25/06/2003;1,63;FALSO;;0,00;FALSO;0;0,00;FALSO;0;0,00;;FALSO;FALSO;FALSO;;125
FORM;FORM_B;B;25/06/2003;1,58;FALSO;;0,00;FALSO;0;0,00;FALSO;0;0,00;;FALSO;FALSO;FALSO;;126
FORM;FORM_C;C;25/06/2003;1,51;FALSO;;0,00;VERO;3;0,00;FALSO;0;0,00;;FALSO;FALSO;FALSO;;127
FORM;FORM_D;D;25/06/2003;1,49;FALSO;;0,00;VERO;1;0,00;FALSO;0;0,00;;FALSO;FALSO;FALSO;;128
FORM;FORM_E;E;25/06/2003;1,53;FALSO;;0,00;FALSO;0;0,00;FALSO;0;0,00;;FALSO;FALSO;FALSO;;129
FORM;FORM_F;F;25/06/2003;1,48;FALSO;;0,00;VERO;2;0,00;FALSO;0;0,00;;FALSO;FALSO;FALSO;;130
FORM;FORM_G;G;25/06/2003;1,90;VERO;Standard Red and White Checkered;2,00;VERO;2;0,00;FALSO;0;0,00;;FALSO;FALSO;FALSO;;131
FORM;FORM_H;H;25/06/2003;1,90;VERO;Standard Red and White Checkered;2,00;VERO;3;0,00;FALSO;0;0,00;;FALSO;FALSO;FALSO;;132
FORM;FORM_I;I;25/06/2003;1,88;VERO;Carpeted;2,00;VERO;3;0,00;FALSO;0;0,00;;FALSO;FALSO;FALSO;;133
FORM;FORM_J;J;25/06/2003;1,85;VERO;Standard Red and White Checkered;2,00;VERO;4;0,00;FALSO;0;0,00;;FALSO;FALSO;FALSO;;134
FORM;FORM_K;K;25/06/2003;1,81;VERO;Istrian Stone Design;2,00;VERO;3;0,00;FALSO;0;0,00;;FALSO;FALSO;FALSO;;135
FORM;FORM_L;L;25/06/2003;1,81;VERO;Standard Red and White Checkered;2,00;VERO;2;0,00;FALSO;0;0,00;;FALSO;FALSO;FALSO;;136
FORM;FORM_M;M;25/06/2003;1,81;VERO;Smaller Red and White Checkered;2,00;VERO;0;2,00;FALSO;0;0,00;;FALSO;FALSO;FALSO;;137
FORM;FORM_N;N;25/06/2003;1,87;VERO;White, Black and Red Square Design;2,00;VERO;2;0,00;FALSO;0;0,00;;FALSO;FALSO;FALSO;;138
FOSC;FOSC_A;A;24/06/2005;1,33;FALSO;Smaller Red and White Checkered;0,00;VERO;2;0,00;FALSO;0;0,00;;VERO;FALSO;FALSO;;1497
FOSC;FOSC_B;B;24/06/2005;1,37;FALSO;Smaller Red and White Checkered;0,00;FALSO;0;0,00;FALSO;0;0,00;;VERO;VERO;FALSO;;1496
FOSC;FOSC_C;C;24/06/2005;1,37;FALSO;Smaller Red and White Checkered;0,00;VERO;2;0,00;FALSO;0;0,00;;VERO;FALSO;FALSO;;1495
FOSC;FOSC_D;D;24/06/2005;1,41;FALSO;Smaller Red and White Checkered;0,00;VERO;2;0,00;FALSO;0;0,00;;VERO;FALSO;FALSO;;1494
FOSC;FOSC_E;E;24/06/2005;1,40;FALSO;Smaller Red and White Checkered;0,00;FALSO;0;0,00;FALSO;0;0,00;;FALSO;VERO;FALSO;;1493
FOSC;FOSC_F;F;24/06/2005;1,39;FALSO;Smaller Red and White Checkered;0,00;VERO;2;0,00;FALSO;0;0,00;;VERO;FALSO;FALSO;;1492
FOSC;FOSC_G;G;24/06/2005;1,60;FALSO;"Smaller Red and White Checkered,
New floor in front of altar";0,00;VERO;2;0,00;FALSO;0;0,00;floor in front of altar new, floor behind altar old;FALSO;VERO;VERO;;1491
FOSC;FOSC_H;H;24/06/2005;1,54;FALSO;no apparent pattern;0,00;FALSO;0;0,00;FALSO;0;0,00;side room next to altar, very small, contained 22 artifacts;FALSO;FALSO;VERO;;1498
FRAR;FRAR_A;A;16/07/2003;1,84;FALSO;;0,00;FALSO;0;0,00;FALSO;0;0,00;;FALSO;FALSO;FALSO;;139
FRAR;FRAR_AA;AA;16/07/2003;1,36;FALSO;;0,00;FALSO;0;0,00;FALSO;0;0,00;;FALSO;FALSO;FALSO;;140
FRAR;FRAR_AB;AB;16/07/2003;1,78;FALSO;;0,00;FALSO;0;0,00;FALSO;0;0,00;;FALSO;FALSO;FALSO;;141
FRAR;FRAR_AC;AC;16/07/2003;1,79;FALSO;;0,00;FALSO;0;0,00;FALSO;0;0,00;;FALSO;FALSO;FALSO;;142
FRAR;FRAR_AD;AD;16/07/2003;1,29;FALSO;;0,00;FALSO;0;0,00;FALSO;0;0,00;;FALSO;FALSO;FALSO;;143
FRAR;FRAR_B;B;16/07/2003;1,70;FALSO;;0,00;FALSO;0;0,00;FALSO;0;0,00;;FALSO;FALSO;FALSO;;144
FRAR;FRAR_C;C;16/07/2003;1,12;FALSO;;0,00;FALSO;0;0,00;FALSO;0;0,00;;FALSO;FALSO;FALSO;;145
FRAR;FRAR_D;D;16/07/2003;1,21;FALSO;;0,00;FALSO;0;0,00;FALSO;0;0,00;;FALSO;FALSO;FALSO;;146
FRAR;FRAR_E;E;16/07/2003;1,18;FALSO;;0,00;FALSO;0;0,00;FALSO;0;0,00;;FALSO;FALSO;FALSO;;147
FRAR;FRAR_F;F;16/07/2003;1,14;FALSO;;0,00;FALSO;0;0,00;FALSO;0;0,00;;FALSO;FALSO;FALSO;;148
FRAR;FRAR_G;G;16/07/2003;1,26;FALSO;;0,00;FALSO;0;0,00;FALSO;0;0,00;;FALSO;FALSO;FALSO;;149
FRAR;FRAR_H;H;16/07/2003;1,20;FALSO;;0,00;FALSO;0;0,00;FALSO;0;0,00;;FALSO;FALSO;FALSO;;150
FRAR;FRAR_I;I;16/07/2003;1,16;FALSO;;0,00;FALSO;0;0,00;FALSO;0;0,00;;FALSO;FALSO;FALSO;;151
FRAR;FRAR_J;J;16/07/2003;1,21;FALSO;;0,00;FALSO;0;0,00;FALSO;0;0,00;;FALSO;FALSO;FALSO;;152
FRAR;FRAR_K;K;16/07/2003;1,21;FALSO;;0,00;FALSO;0;0,00;FALSO;0;0,00;;FALSO;FALSO;FALSO;;153
FRAR;FRAR_L;L;16/07/2003;1,69;FALSO;;0,00;FALSO;0;0,00;FALSO;0;0,00;;FALSO;FALSO;FALSO;;154
FRAR;FRAR_M;M;16/07/2003;1,66;FALSO;;0,00;FALSO;0;0,00;FALSO;0;0,00;;FALSO;FALSO;FALSO;;155
FRAR;FRAR_N;N;16/07/2003;1,80;FALSO;;0,00;FALSO;0;0,00;FALSO;0;0,00;;FALSO;FALSO;FALSO;;156
FRAR;FRAR_O;O;16/07/2003;1,56;FALSO;;0,00;FALSO;0;0,00;FALSO;0;0,00;;FALSO;FALSO;FALSO;;157
FRAR;FRAR_P;P;16/07/2003;1,76;FALSO;;0,00;FALSO;0;0,00;FALSO;0;0,00;;FALSO;FALSO;FALSO;;158
FRAR;FRAR_Q;Q;16/07/2003;1,52;FALSO;;0,00;FALSO;0;0,00;FALSO;0;0,00;;FALSO;FALSO;FALSO;;159
FRAR;FRAR_R;R;16/07/2003;2,36;FALSO;;0,00;FALSO;0;0,00;FALSO;0;0,00;;FALSO;FALSO;FALSO;;160
FRAR;FRAR_S;S;16/07/2003;2,05;FALSO;;0,00;FALSO;0;0,00;FALSO;0;0,00;;FALSO;FALSO;FALSO;;161
FRAR;FRAR_T;T;16/07/2003;2,08;FALSO;;0,00;FALSO;0;0,00;FALSO;0;0,00;;FALSO;FALSO;FALSO;;162
FRAR;FRAR_U;U;16/07/2003;2,07;FALSO;;0,00;FALSO;0;0,00;FALSO;0;0,00;;FALSO;FALSO;FALSO;;163
FRAR;FRAR_V;V;16/07/2003;2,37;FALSO;;0,00;FALSO;0;0,00;FALSO;0;0,00;;FALSO;FALSO;FALSO;;164
FRAR;FRAR_W;W;16/07/2003;2,17;FALSO;;0,00;FALSO;0;0,00;FALSO;0;0,00;;FALSO;FALSO;FALSO;;165
FRAR;FRAR_X;X;16/07/2003;2,17;FALSO;;0,00;FALSO;0;0,00;FALSO;0;0,00;;FALSO;FALSO;FALSO;;166
FRAR;FRAR_Y;Y;16/07/2003;2,17;FALSO;;0,00;FALSO;0;0,00;FALSO;0;0,00;;FALSO;FALSO;FALSO;;167
FRAR;FRAR_Z;Z;16/07/2003;2,11;FALSO;;0,00;FALSO;0;0,00;FALSO;0;0,00;;FALSO;FALSO;FALSO;;168
GESU;GESU_A;A;09/07/2002;1,86;FALSO;;;FALSO;;;FALSO;;;;FALSO;FALSO;FALSO;;478
GESU;GESU_B;B;09/07/2002;1,86;FALSO;;;FALSO;;;FALSO;;;;FALSO;FALSO;FALSO;;479
GESU;GESU_C;C;09/07/2002;1,86;FALSO;;;FALSO;;;FALSO;;;;FALSO;FALSO;FALSO;;480
GESU;GESU_D;D;09/07/2002;1,86;FALSO;;;FALSO;;;FALSO;;;;FALSO;FALSO;FALSO;;481
GESU;GESU_E;E;09/07/2002;1,86;FALSO;;;FALSO;;;FALSO;;;;FALSO;FALSO;FALSO;;482
GESU;GESU_F;F;09/07/2002;1,86;FALSO;;;FALSO;;;FALSO;;;;FALSO;FALSO;FALSO;;483
GESU;GESU_G;G;09/07/2002;1,86;FALSO;;;FALSO;;;FALSO;;;;FALSO;FALSO;FALSO;;484
GESU;GESU_H;H;09/07/2002;1,86;FALSO;;;FALSO;;;FALSO;;;;FALSO;FALSO;FALSO;;485
GESU;GESU_I;I;09/07/2002;1,86;FALSO;;;FALSO;;;FALSO;;;;FALSO;FALSO;FALSO;;486
GESU;GESU_J;J;09/07/2002;1,86;FALSO;;;FALSO;;;FALSO;;;;FALSO;FALSO;FALSO;;487
GESU;GESU_K;K;09/07/2002;1,86;FALSO;;;FALSO;;;FALSO;;;;FALSO;FALSO;FALSO;;488
GESU;GESU_L;L;09/07/2002;1,86;FALSO;;;FALSO;;;FALSO;;;;FALSO;FALSO;FALSO;;489
GESU;GESU_M;M;09/07/2002;1,86;FALSO;;;FALSO;;;FALSO;;;;FALSO;FALSO;FALSO;;490
GIAC;GIAC_A;A;11/07/2002;1,89;FALSO;;;FALSO;;;FALSO;;;;FALSO;FALSO;FALSO;;191
GIAC;GIAC_B;B;11/07/2002;1,89;FALSO;;;FALSO;;;FALSO;;;;FALSO;FALSO;FALSO;;192
GIAC;GIAC_C;C;11/07/2002;1,89;FALSO;;;FALSO;;;FALSO;;;;FALSO;FALSO;FALSO;;193
GIAC;GIAC_D;D;11/07/2002;1,89;FALSO;;;FALSO;;;FALSO;;;;FALSO;FALSO;FALSO;;194
GIAC;GIAC_E;E;11/07/2002;1,89;FALSO;;;FALSO;;;FALSO;;;;FALSO;FALSO;FALSO;;195
GIAC;GIAC_F;F;11/07/2002;1,89;FALSO;;;FALSO;;;FALSO;;;;FALSO;FALSO;FALSO;;196
GIGL;GIGL_A;A;06/07/2004;1,18;FALSO;;0,00;VERO;3;1,71;FALSO;0;0,00;contains side alter;VERO;VERO;VERO;;1356
GIGL;GIGL_B;B;06/07/2004;1,24;FALSO;;0,00;VERO;3;1,72;FALSO;0;0,00;contains side alter;VERO;VERO;VERO;;1357
GIGL;GIGL_C;C;06/07/2004;1,28;FALSO;;0,00;VERO;4;1,99;FALSO;0;0,00;contains side alter;FALSO;VERO;VERO;;1358
GIGL;GIGL_D;D;06/07/2004;1,21;FALSO;;0,00;VERO;4;1,88;FALSO;0;0,00;contains side alter, steps in bad condition;FALSO;VERO;VERO;;1359
GIGL;GIGL_E;E;06/07/2004;1,23;FALSO;;0,00;VERO;3;1,69;FALSO;0;0,00;contains side alter;FALSO;VERO;VERO;;1360
GIGL;GIGL_F;F;06/07/2004;1,20;FALSO;;0,00;VERO;3;1,63;FALSO;0;0,00;contains side alter;FALSO;VERO;VERO;;1361
GIGL;GIGL_G;G;06/07/2004;1,38;VERO;;1,00;VERO;5;2,18;FALSO;0;0,00;main alter, small portion covered by wooden platform;FALSO;FALSO;VERO;;1362
GIGL;GIGL_H;H;06/07/2004;1,33;FALSO;;0,00;FALSO;0;0,00;FALSO;0;0,00;side room;FALSO;FALSO;VERO;;1363
GIGL;GIGL_I;I;06/07/2004;1,66;FALSO;;0,00;FALSO;0;0,00;FALSO;0;0,00;side room, large amount of crumbling fresco dust;FALSO;FALSO;FALSO;;1364
GIGL;GIGL_J;J;06/07/2004;1,01;VERO;;1,00;VERO;2;1,49;FALSO;0;0,00;side room with chapel, high percentage covered by carpet;FALSO;FALSO;VERO;;1365
GIMA;GIMA_A;A;28/06/2005;2,34;FALSO;Smaller Red and White Checkered;0,00;VERO;3;0,00;FALSO;0;0,00;;FALSO;VERO;FALSO;0;1529
GIMA;GIMA_B;B;28/06/2005;2,38;FALSO;Smaller Red and White Checkered;0,00;FALSO;0;0,00;FALSO;0;0,00;;VERO;FALSO;FALSO;0;1530
GIMA;GIMA_C;C;28/06/2005;2,35;FALSO;Smaller Red and White Checkered;0,00;VERO;3;0,00;FALSO;0;0,00;;FALSO;VERO;VERO;1;1531
GIMA;GIMA_D;D;28/06/2005;2,51;FALSO;Smaller Red and White Checkered;0,00;VERO;3;0,00;FALSO;0;0,00;;FALSO;VERO;FALSO;0;1532
GIMA;GIMA_E;E;28/06/2005;2,42;FALSO;Smaller Red and White Checkered;0,00;FALSO;0;0,00;FALSO;0;0,00;;FALSO;VERO;FALSO;0;1533
GIMA;GIMA_F;F;28/06/2005;2,38;FALSO;Smaller Red and White Checkered;0,00;VERO;3;0,00;FALSO;0;0,00;;FALSO;VERO;VERO;1;1534
GIMA;GIMA_G;G;28/06/2005;2,57;FALSO;Smaller Red and White Checkered;0,00;VERO;3;0,00;FALSO;0;0,00;;FALSO;VERO;FALSO;0;1535
GIMA;GIMA_H;H;28/06/2005;2,45;FALSO;Smaller Red and White Checkered;0,00;FALSO;0;0,00;FALSO;0;0,00;;FALSO;VERO;FALSO;0;1536
GIMA;GIMA_I;I;28/06/2005;2,43;FALSO;Smaller Red and White Checkered;0,00;VERO;3;0,00;FALSO;0;0,00;;FALSO;VERO;FALSO;0;1537
GIMA;GIMA_J;J;28/06/2005;2,58;VERO;Smaller Red and White Checkered;0,00;VERO;5;0,00;FALSO;0;0,00;;FALSO;VERO;FALSO;0;1538
GIMA;GIMA_K;K;28/06/2005;2,57;FALSO;Smaller Red and White Checkered;0,00;FALSO;0;0,00;FALSO;0;0,00;;FALSO;VERO;FALSO;0;1539
GIMA;GIMA_L;L;28/06/2005;2,54;FALSO;Smaller Red and White Checkered;0,00;FALSO;0;0,00;FALSO;0;0,00;;FALSO;VERO;FALSO;0;1540
GIMA;GIMA_M;M;28/06/2005;2,48;FALSO;Smaller Red and White Checkered;0,00;FALSO;0;0,00;FALSO;0;0,00;;FALSO;VERO;FALSO;0;1541
GIMA;GIMA_N;N;28/06/2005;2,43;VERO;Smaller Red and White Checkered;0,00;VERO;5;0,00;FALSO;0;0,00;;FALSO;VERO;VERO;1;1542
GIMA;GIMA_O;O;28/06/2005;2,59;FALSO;Smaller Red and White Checkered;0,00;VERO;0;0,00;FALSO;0;0,00;;FALSO;FALSO;VERO;1;1543
GIMA;GIMA_P;P;28/06/2005;2,44;FALSO;Smaller Red and White Checkered;0,00;FALSO;0;0,00;FALSO;0;0,00;;FALSO;VERO;FALSO;0;1544
GIMA;GIMA_Q;Q;28/06/2005;2,48;FALSO;Smaller Red and White Checkered;0,00;VERO;3;0,00;FALSO;0;0,00;;FALSO;VERO;VERO;1;1545
GIMA;GIMA_R;R;28/06/2005;2,84;FALSO;Smaller Red and White Checkered;0,00;VERO;3;0,00;FALSO;0;0,00;;FALSO;VERO;FALSO;0;1546
GIMA;GIMA_S;S;28/06/2005;3,22;FALSO;Smaller Red and White Checkered;0,00;FALSO;0;0,00;FALSO;0;0,00;;FALSO;FALSO;FALSO;0;1547
GIMA;GIMA_T;T;29/06/2005;2,69;FALSO;New floor;0,00;FALSO;0;0,00;FALSO;0;0,00;;FALSO;FALSO;FALSO;0;1548
GIMA;GIMA_U;U;29/06/2005;2,73;FALSO;New floor;0,00;FALSO;0;0,00;FALSO;0;0,00;;FALSO;FALSO;FALSO;0;1549
GIMA;GIMA_V;V;29/06/2005;2,86;FALSO;Smaller Red and White Checkered;0,00;FALSO;0;0,00;FALSO;0;0,00;;FALSO;FALSO;FALSO;0;1550
GIOB;GIOB_A;A;02/07/2002;1,17;FALSO;;;FALSO;;;FALSO;;;;FALSO;FALSO;FALSO;;197
GIOB;GIOB_B;B;02/07/2002;1,17;FALSO;;;FALSO;;;FALSO;;;;FALSO;FALSO;FALSO;;198
GIOB;GIOB_C;C;02/07/2002;1,17;FALSO;;;FALSO;;;FALSO;;;;FALSO;FALSO;FALSO;;199
GIOB;GIOB_D;D;02/07/2002;1,17;FALSO;;;FALSO;;;FALSO;;;;FALSO;FALSO;FALSO;;200
GIOB;GIOB_E;E;02/07/2002;1,17;FALSO;;;FALSO;;;FALSO;;;;FALSO;FALSO;FALSO;;201
GIOB;GIOB_F;F;02/07/2002;1,17;FALSO;;;FALSO;;;FALSO;;;;FALSO;FALSO;FALSO;;202
GIOB;GIOB_G;G;02/07/2002;1,17;FALSO;;;FALSO;;;FALSO;;;;FALSO;FALSO;FALSO;;203
GIOB;GIOB_H;H;02/07/2002;1,17;FALSO;;;FALSO;;;FALSO;;;;FALSO;FALSO;FALSO;;204
GIOB;GIOB_I;I;02/07/2002;1,17;FALSO;;;FALSO;;;FALSO;;;;FALSO;FALSO;FALSO;;205
GIOB;GIOB_J;J;02/07/2002;1,17;FALSO;;;FALSO;;;FALSO;;;;FALSO;FALSO;FALSO;;206
GIOB;GIOB_K;K;02/07/2002;1,17;FALSO;;;FALSO;;;FALSO;;;;FALSO;FALSO;FALSO;;207
GIOB;GIOB_L;L;02/07/2002;1,17;FALSO;;;FALSO;;;FALSO;;;;FALSO;FALSO;FALSO;;208
GIOB;GIOB_M;M;02/07/2002;1,17;FALSO;;;FALSO;;;FALSO;;;;FALSO;FALSO;FALSO;;209
GIOB;GIOB_N;N;02/07/2002;1,17;FALSO;;;FALSO;;;FALSO;;;;FALSO;FALSO;FALSO;;210
GIOB;GIOB_O;O;02/07/2002;1,17;FALSO;;;FALSO;;;FALSO;;;;FALSO;FALSO;FALSO;;211
GIOV;GIOV_A;A;16/06/2003;1,65;FALSO;;0,00;VERO;3;0,00;FALSO;0;0,00;;FALSO;FALSO;FALSO;;212
GIOV;GIOV_AA;AA;16/06/2003;2,07;VERO;no apparent pattern;2,00;VERO;4;0,00;FALSO;0;0,00;;FALSO;FALSO;FALSO;;213
GIOV;GIOV_AC;AC;16/06/2003;1,98;VERO;;2,00;FALSO;0;0,00;FALSO;0;0,00;;FALSO;FALSO;FALSO;;214
GIOV;GIOV_B;B;16/06/2003;1,56;FALSO;;0,00;FALSO;0;0,00;FALSO;0;0,00;;FALSO;FALSO;FALSO;;215
GIOV;GIOV_C;C;16/06/2003;1,64;FALSO;;0,00;VERO;3;0,00;FALSO;0;0,00;;FALSO;FALSO;FALSO;;216
GIOV;GIOV_D;D;16/06/2003;1,64;FALSO;;0,00;VERO;3;0,00;FALSO;0;0,00;;FALSO;FALSO;FALSO;;217
GIOV;GIOV_E;E;16/06/2003;1,66;FALSO;;0,00;FALSO;0;0,00;FALSO;0;0,00;;FALSO;FALSO;FALSO;;218
GIOV;GIOV_F;F;16/06/2003;1,65;FALSO;;0,00;VERO;2;0,00;FALSO;0;0,00;;FALSO;FALSO;FALSO;;219
GIOV;GIOV_G;G;16/06/2003;1,67;FALSO;;0,00;FALSO;0;0,00;FALSO;0;0,00;;FALSO;FALSO;FALSO;;220
GIOV;GIOV_H;H;16/06/2003;1,76;FALSO;;0,00;FALSO;0;0,00;FALSO;0;0,00;;FALSO;FALSO;FALSO;;221
GIOV;GIOV_I;I;16/06/2003;1,79;FALSO;;0,00;FALSO;0;0,00;FALSO;0;0,00;;FALSO;FALSO;FALSO;;222
GIOV;GIOV_J;J;16/06/2003;1,66;FALSO;;0,00;FALSO;0;0,00;FALSO;0;0,00;;FALSO;FALSO;FALSO;;223
GIOV;GIOV_K;K;16/06/2003;1,72;FALSO;;0,00;FALSO;0;0,00;FALSO;0;0,00;;FALSO;FALSO;FALSO;;224
GIOV;GIOV_L;L;16/06/2003;1,70;FALSO;;0,00;FALSO;0;0,00;FALSO;0;0,00;;FALSO;FALSO;FALSO;;225
GIOV;GIOV_M;M;16/06/2003;1,70;FALSO;;0,00;VERO;1;0,00;FALSO;0;0,00;;FALSO;FALSO;FALSO;;226
GIOV;GIOV_N;N;16/06/2003;1,71;FALSO;;0,00;FALSO;0;0,00;FALSO;0;0,00;;FALSO;FALSO;FALSO;;227
GIOV;GIOV_O;O;16/06/2003;1,72;FALSO;;0,00;VERO;1;0,00;FALSO;0;0,00;;FALSO;FALSO;FALSO;;228
GIOV;GIOV_P;P;16/06/2003;1,77;FALSO;;0,00;FALSO;0;0,00;FALSO;0;0,00;;FALSO;FALSO;FALSO;;229
GIOV;GIOV_Q;Q;16/06/2003;1,81;FALSO;;0,00;VERO;2;0,00;FALSO;0;0,00;;FALSO;FALSO;FALSO;;230
GIOV;GIOV_R;R;16/06/2003;1,77;FALSO;;0,00;VERO;1;0,00;VERO;1;0,00;;FALSO;FALSO;FALSO;;231
GIOV;GIOV_S;S;16/06/2003;1,70;VERO;Smaller Red and White Checkered;0,00;VERO;3;0,00;FALSO;0;0,00;;FALSO;FALSO;FALSO;;232
GIOV;GIOV_T;T;16/06/2003;2,16;VERO;Smaller Red and White Checkered;2,00;VERO;2;0,00;FALSO;0;0,00;;FALSO;FALSO;FALSO;;233
GIOV;GIOV_U;U;16/06/2003;2,13;VERO;Standard Red and White Checkered;2,00;VERO;1;0,00;FALSO;0;0,00;;FALSO;FALSO;FALSO;;234
GIOV;GIOV_V;V;16/06/2003;2,44;VERO;;4,00;VERO;7;0,00;FALSO;0;0,00;;FALSO;FALSO;FALSO;;235
GIOV;GIOV_W;W;16/06/2003;2,16;VERO;no apparent pattern;2,00;VERO;2;0,00;FALSO;0;0,00;;FALSO;FALSO;FALSO;;236
GIOV;GIOV_X;X;16/06/2003;2,09;VERO;no apparent pattern;2,00;VERO;3;0,00;FALSO;0;0,00;;FALSO;FALSO;FALSO;;237
GIOV;GIOV_Y;Y;16/06/2003;2,02;VERO;complicated circle and square pattern;2,00;VERO;4;0,00;FALSO;0;0,00;;FALSO;FALSO;FALSO;;238
GIOV;GIOV_Z;Z;16/06/2003;1,93;VERO;Standard Red and White Checkered;2,00;VERO;3;0,00;FALSO;0;0,00;;FALSO;FALSO;FALSO;;239
GIRO;GIRO_A;A;04/07/2002;1,61;FALSO;;;FALSO;;;FALSO;;;;FALSO;FALSO;FALSO;;240
GIRO;GIRO_B;B;04/07/2002;1,61;FALSO;;;FALSO;;;FALSO;;;;FALSO;FALSO;FALSO;;241
GIRO;GIRO_C;C;04/07/2002;1,61;FALSO;;;FALSO;;;FALSO;;;;FALSO;FALSO;FALSO;;242
GIRO;GIRO_D;D;04/07/2002;1,61;FALSO;;;FALSO;;;FALSO;;;;FALSO;FALSO;FALSO;;243
GIRO;GIRO_E;E;04/07/2002;1,61;FALSO;;;FALSO;;;FALSO;;;;FALSO;FALSO;FALSO;;244
GIRO;GIRO_F;F;04/07/2002;1,61;FALSO;;;FALSO;;;FALSO;;;;FALSO;FALSO;FALSO;;245
GIRO;GIRO_G;G;04/07/2002;1,61;FALSO;;;FALSO;;;FALSO;;;;FALSO;FALSO;FALSO;;246
GREC;GREC_A;A;20/06/2003;1,31;FALSO;;0,00;FALSO;0;0,00;FALSO;0;0,00;;FALSO;FALSO;FALSO;;247
GREC;GREC_B;B;20/06/2003;1,27;FALSO;;0,00;FALSO;0;0,00;FALSO;0;0,00;;FALSO;FALSO;FALSO;;248
GREC;GREC_C;C;20/06/2003;1,21;FALSO;;0,00;VERO;2;0,00;FALSO;0;0,00;;FALSO;FALSO;FALSO;;249
GREC;GREC_D;D;20/06/2003;1,44;VERO;Carpeted;2,00;VERO;;0,00;FALSO;0;0,00;;FALSO;FALSO;FALSO;;250
GRIS;GRIS_A;A;25/06/2002;1,32;FALSO;;;FALSO;;;FALSO;;;;FALSO;FALSO;FALSO;;251
GRIS;GRIS_B;B;25/06/2002;1,32;FALSO;;;FALSO;;;FALSO;;;;FALSO;FALSO;FALSO;;252
GRIS;GRIS_C;C;25/06/2002;1,32;FALSO;;;FALSO;;;FALSO;;;;FALSO;FALSO;FALSO;;253
GRIS;GRIS_D;D;25/06/2002;1,32;FALSO;;;FALSO;;;FALSO;;;;FALSO;FALSO;FALSO;;254
GRIS;GRIS_E;E;25/06/2002;1,32;FALSO;;;FALSO;;;FALSO;;;;FALSO;FALSO;FALSO;;255
GRIS;GRIS_F;F;25/06/2002;1,32;FALSO;;;FALSO;;;FALSO;;;;FALSO;FALSO;FALSO;;256
GRIS;GRIS_G;G;25/06/2002;1,32;FALSO;;;FALSO;;;FALSO;;;;FALSO;FALSO;FALSO;;257
GRIS;GRIS_H;H;25/06/2002;1,32;FALSO;;;FALSO;;;FALSO;;;;FALSO;FALSO;FALSO;;258
GRIS;GRIS_I;I;25/06/2002;1,32;FALSO;;;FALSO;;;FALSO;;;;FALSO;FALSO;FALSO;;259
GRIS;GRIS_J;J;25/06/2002;1,32;FALSO;;;FALSO;;;FALSO;;;;FALSO;FALSO;FALSO;;260
GRIS;GRIS_K;K;25/06/2002;1,32;FALSO;;;FALSO;;;FALSO;;;;FALSO;FALSO;FALSO;;261
GRIS;GRIS_L;L;25/06/2002;1,32;FALSO;;;FALSO;;;FALSO;;;;FALSO;FALSO;FALSO;;262
GRIS;GRIS_M;M;25/06/2002;1,32;FALSO;;;FALSO;;;FALSO;;;;FALSO;FALSO;FALSO;;263
GRIS;GRIS_N;N;25/06/2002;1,32;FALSO;;;FALSO;;;FALSO;;;;FALSO;FALSO;FALSO;;264
GRIS;GRIS_O;O;25/06/2002;1,32;FALSO;;;FALSO;;;FALSO;;;;FALSO;FALSO;FALSO;;265
GRIS;GRIS_P;P;25/06/2002;1,32;FALSO;;;FALSO;;;FALSO;;;;FALSO;FALSO;FALSO;;266
ISEP;ISEP_A;A;12/07/2003;2,78;FALSO;;0,00;FALSO;0;0,00;FALSO;0;0,00;;FALSO;FALSO;FALSO;;267
ISEP;ISEP_B;B;12/07/2003;2,67;FALSO;;0,00;FALSO;0;0,00;FALSO;0;0,00;;FALSO;FALSO;FALSO;;268
ISEP;ISEP_C;C;12/07/2003;2,74;FALSO;;0,00;FALSO;0;0,00;FALSO;0;0,00;;FALSO;FALSO;FALSO;;269
ISEP;ISEP_D;D;12/07/2003;2,75;FALSO;;0,00;FALSO;0;0,00;FALSO;0;0,00;;FALSO;FALSO;FALSO;;270
ISEP;ISEP_E;E;12/07/2003;2,71;FALSO;;0,00;FALSO;0;0,00;FALSO;0;0,00;;FALSO;FALSO;FALSO;;271
ISEP;ISEP_F;F;12/07/2003;2,72;FALSO;;0,00;FALSO;0;0,00;FALSO;0;0,00;;FALSO;FALSO;FALSO;;272
ISEP;ISEP_G;G;12/07/2003;2,69;FALSO;;0,00;FALSO;0;0,00;FALSO;0;0,00;;FALSO;FALSO;FALSO;;273
ISEP;ISEP_H;H;12/07/2003;2,64;FALSO;;0,00;FALSO;0;0,00;FALSO;0;0,00;;FALSO;FALSO;FALSO;;274
ISEP;ISEP_I;I;12/07/2003;2,68;FALSO;;0,00;FALSO;0;0,00;FALSO;0;0,00;;FALSO;FALSO;FALSO;;275
ISEP;ISEP_J;J;12/07/2003;2,63;FALSO;;0,00;FALSO;0;0,00;FALSO;0;0,00;;FALSO;FALSO;FALSO;;276
ISEP;ISEP_K;K;12/07/2003;2,55;FALSO;;0,00;FALSO;0;0,00;FALSO;0;0,00;;FALSO;FALSO;FALSO;;277
ISEP;ISEP_L;L;12/07/2003;2,64;FALSO;;0,00;FALSO;0;0,00;FALSO;0;0,00;;FALSO;FALSO;FALSO;;278
ISEP;ISEP_M;M;12/07/2003;3,02;VERO;Smaller Red and White Checkered;2,00;FALSO;0;0,00;FALSO;0;0,00;;FALSO;FALSO;FALSO;;279
ISEP;ISEP_N;N;12/07/2003;3,05;VERO;Smaller Red and White Checkered;0,00;FALSO;0;0,00;FALSO;0;0,00;;FALSO;FALSO;FALSO;;280
ISEP;ISEP_O;O;12/07/2003;2,90;VERO;Smaller Red and White Checkered;0,00;FALSO;0;0,00;FALSO;0;0,00;;FALSO;FALSO;FALSO;;281
LAZZ;LAZZ_A;A;21/07/2003;1,16;FALSO;;0,00;FALSO;0;0,00;FALSO;0;0,00;;FALSO;FALSO;FALSO;;324
LAZZ;LAZZ_B;B;21/07/2003;1,19;FALSO;;0,00;FALSO;0;0,00;FALSO;0;0,00;;FALSO;FALSO;FALSO;;325
LAZZ;LAZZ_C;C;21/07/2003;1,17;FALSO;;0,00;FALSO;0;0,00;FALSO;0;0,00;;FALSO;FALSO;FALSO;;326
LAZZ;LAZZ_D;D;21/07/2003;1,10;FALSO;;0,00;FALSO;0;0,00;FALSO;0;0,00;;FALSO;FALSO;FALSO;;327
LAZZ;LAZZ_E;E;21/07/2003;1,15;FALSO;;0,00;FALSO;0;0,00;FALSO;0;0,00;;FALSO;FALSO;FALSO;;328
LAZZ;LAZZ_F;F;21/07/2003;1,06;FALSO;;0,00;FALSO;0;0,00;FALSO;0;0,00;;FALSO;FALSO;FALSO;;329
LAZZ;LAZZ_G;G;21/07/2003;0,99;FALSO;;0,00;FALSO;0;0,00;FALSO;0;0,00;;FALSO;FALSO;FALSO;;330
LAZZ;LAZZ_H;H;21/07/2003;1,39;FALSO;;0,00;FALSO;0;0,00;FALSO;0;0,00;;FALSO;FALSO;FALSO;;331
LAZZ;LAZZ_I;I;21/07/2003;1,40;FALSO;;0,00;FALSO;0;0,00;FALSO;0;0,00;;FALSO;FALSO;FALSO;;332
LAZZ;LAZZ_J;J;21/07/2003;1,43;FALSO;;0,00;FALSO;0;0,00;FALSO;0;0,00;;FALSO;FALSO;FALSO;;333
LUCA;LUCA_A;A;01/07/2004;1,88;FALSO;;0,00;VERO;3;2,35;FALSO;0;0,00;contains small alter;VERO;VERO;FALSO;;1313
LUCA;LUCA_B;B;01/07/2004;1,91;FALSO;;0,00;VERO;3;2,39;FALSO;0;0,00;contains small alter;VERO;VERO;FALSO;;1314
LUCA;LUCA_C;C;01/07/2004;1,99;FALSO;;0,00;VERO;3;2,51;FALSO;0;0,00;contains small alter;FALSO;VERO;FALSO;;1315
LUCA;LUCA_D;D;01/07/2004;1,88;FALSO;;0,00;VERO;3;2,38;FALSO;0;0,00;contains small alter;FALSO;VERO;FALSO;;1316
LUCA;LUCA_E;D;01/07/2004;2,50;VERO;;3,00;VERO;2;2,85;FALSO;0;0,00;side chapel, contains large grate covering 50 percent of surface;FALSO;FALSO;FALSO;;1317
LUCA;LUCA_F;F;01/07/2004;2,53;VERO;;3,00;VERO;3;2758,00;FALSO;0;0,00;main alter;FALSO;FALSO;FALSO;;1318
LUCA;LUCA_G;G;01/07/2004;2,36;VERO;;3,00;VERO;2;2,65;FALSO;0;0,00;side chapel;FALSO;FALSO;VERO;;1319
MART;MART_A;A;08/07/2003;1,45;FALSO;;0,00;FALSO;0;0,00;FALSO;0;0,00;;FALSO;FALSO;FALSO;;296
MART;MART_B;B;08/07/2003;1,47;FALSO;;0,00;FALSO;0;0,00;FALSO;0;0,00;;FALSO;FALSO;FALSO;;297
MART;MART_C;C;08/07/2003;1,42;FALSO;;0,00;FALSO;0;0,00;FALSO;0;0,00;;FALSO;FALSO;FALSO;;298
MART;MART_D;D;08/07/2003;1,41;FALSO;;0,00;FALSO;0;0,00;FALSO;0;0,00;;FALSO;FALSO;FALSO;;299
MART;MART_E;E;08/07/2003;1,45;FALSO;;0,00;FALSO;0;0,00;FALSO;0;0,00;;FALSO;FALSO;FALSO;;300
MART;MART_F;F;08/07/2003;1,39;FALSO;;0,00;FALSO;0;0,00;FALSO;0;0,00;;FALSO;FALSO;FALSO;;301
MART;MART_G;G;08/07/2003;1,40;FALSO;;0,00;FALSO;0;0,00;FALSO;0;0,00;;FALSO;FALSO;FALSO;;302
MART;MART_H;H;08/07/2003;1,40;FALSO;;0,00;FALSO;0;0,00;FALSO;0;0,00;;FALSO;FALSO;FALSO;;303
MART;MART_I;I;08/07/2003;1,39;FALSO;;0,00;FALSO;0;0,00;FALSO;0;0,00;;FALSO;FALSO;FALSO;;304
MART;MART_J;J;08/07/2003;1,83;FALSO;;0,00;FALSO;0;0,00;FALSO;0;0,00;;FALSO;FALSO;FALSO;;305
MART;MART_K;K;08/07/2003;1,83;FALSO;;0,00;FALSO;0;0,00;FALSO;0;0,00;;FALSO;FALSO;FALSO;;306
MART;MART_L;L;08/07/2003;1,80;FALSO;;0,00;FALSO;0;0,00;FALSO;0;0,00;;FALSO;FALSO;FALSO;;307
MART;MART_M;M;08/07/2003;1,79;FALSO;;0,00;FALSO;0;0,00;FALSO;0;0,00;;FALSO;FALSO;FALSO;;308
MART;MART_N;N;08/07/2003;1,80;FALSO;;0,00;FALSO;0;0,00;FALSO;0;0,00;;FALSO;FALSO;FALSO;;309
MART;MART_O;O;08/07/2003;1,79;FALSO;;0,00;FALSO;0;0,00;FALSO;0;0,00;;FALSO;FALSO;FALSO;;310
MART;MART_P;P;08/07/2003;1,78;FALSO;;0,00;FALSO;0;0,00;FALSO;0;0,00;;FALSO;FALSO;FALSO;;311
MART;MART_Q;Q;08/07/2003;1,79;FALSO;;0,00;FALSO;0;0,00;FALSO;0;0,00;;FALSO;FALSO;FALSO;;312
MART;MART_R;R;08/07/2003;1,79;FALSO;;0,00;FALSO;0;0,00;FALSO;0;0,00;;FALSO;FALSO;FALSO;;313
MARZ;MARZ_A;A;04/07/2002;1,58;FALSO;;;FALSO;;;FALSO;;;Deformation;FALSO;FALSO;FALSO;;314
MARZ;MARZ_B;B;03/07/2002;1,58;FALSO;;;FALSO;;;FALSO;;;;FALSO;FALSO;FALSO;;315
MARZ;MARZ_C;C;03/07/2002;1,58;FALSO;;;FALSO;;;FALSO;;;;FALSO;FALSO;FALSO;;316
MARZ;MARZ_D;D;03/07/2002;1,58;FALSO;;;FALSO;;;FALSO;;;Deformation;FALSO;FALSO;FALSO;;317
MARZ;MARZ_E;E;03/07/2002;1,58;FALSO;;;FALSO;;;FALSO;;;;FALSO;FALSO;FALSO;;318
MARZ;MARZ_F;F;03/07/2002;1,58;FALSO;;;FALSO;;;FALSO;;;;FALSO;FALSO;FALSO;;319
MARZ;MARZ_G;G;03/07/2002;1,58;FALSO;;;FALSO;;;FALSO;;;;FALSO;FALSO;FALSO;;320
MARZ;MARZ_H;H;03/07/2002;1,58;FALSO;;;FALSO;;;FALSO;;;;FALSO;FALSO;FALSO;;321
MARZ;MARZ_I;I;03/07/2002;1,58;FALSO;;;FALSO;;;FALSO;;;;FALSO;FALSO;FALSO;;322
MARZ;MARZ_J;J;03/07/2002;1,58;FALSO;;;FALSO;;;FALSO;;;;FALSO;FALSO;FALSO;;323
MATE;MATE_A;A;07/07/2004;1,57;FALSO;;0,00;VERO;1;1,75;FALSO;0;0,00;contains small alter;FALSO;FALSO;VERO;;1366
MATE;MATE_B;B;07/07/2004;1,34;FALSO;;0,00;FALSO;0;0,00;FALSO;0;0,00;;VERO;FALSO;VERO;;1367
MATE;MATE_C;C;07/07/2004;1,68;FALSO;;0,00;VERO;1;1,85;FALSO;0;0,00;contains small alter;FALSO;FALSO;VERO;;1368
MATE;MATE_D;D;07/07/2004;1,56;FALSO;;0,00;VERO;1;1,74;FALSO;0;0,00;contains small alter;FALSO;FALSO;VERO;;1369
MATE;MATE_E;E;07/07/2004;1,30;FALSO;;0,00;FALSO;0;0,00;FALSO;0;0,00;;FALSO;VERO;VERO;;1370
MATE;MATE_F;F;07/07/2004;1,69;FALSO;;0,00;VERO;1;1,84;FALSO;0;0,00;contains small alter;FALSO;FALSO;VERO;;1371
MATE;MATE_G;G;07/07/2004;1,31;FALSO;;0,00;FALSO;0;0,00;FALSO;0;0,00;;FALSO;FALSO;VERO;;1372
MATE;MATE_H;H;07/07/2004;1,31;FALSO;;0,00;FALSO;0;0,00;FALSO;0;0,00;;FALSO;VERO;VERO;;1373
MATE;MATE_I;I;07/07/2004;1,32;FALSO;;0,00;FALSO;0;0,00;FALSO;0;0,00;;FALSO;FALSO;VERO;;1374
MATE;MATE_J;J;07/07/2004;1,68;VERO;Standard Red and White Checkered;2,00;VERO;1;1,85;FALSO;0;0,00;side chapel;FALSO;FALSO;FALSO;;1375
MATE;MATE_K;K;07/07/2004;1,68;VERO;Complex square pattern with red, white, and black;2,00;VERO;3;2,11;FALSO;0;0,00;main alter;FALSO;FALSO;VERO;;1376
MATE;MATE_L;L;07/07/2004;1,68;VERO;;2,00;VERO;1;1,86;FALSO;0;0,00;side chapel;FALSO;FALSO;FALSO;;1377
MAUR;MAUR_A;A;24/06/2005;1,35;FALSO;Smaller Red and White Checkered;0,00;FALSO;0;0,00;FALSO;0;0,00;;FALSO;FALSO;FALSO;;1499
MAUR;MAUR_B;B;24/06/2005;1,36;FALSO;Smaller Red and White Checkered;0,00;FALSO;0;0,00;FALSO;0;0,00;;VERO;FALSO;FALSO;;1500
MAUR;MAUR_C;C;24/06/2005;1,43;FALSO;Smaller Red and White Checkered;0,00;FALSO;0;0,00;FALSO;0;0,00;;FALSO;FALSO;FALSO;;1501
MAUR;MAUR_D;D;24/06/2005;1,40;FALSO;Smaller Red and White Checkered;0,00;FALSO;0;0,00;FALSO;0;0,00;;FALSO;FALSO;FALSO;;1502
MAUR;MAUR_E;E;24/06/2005;1,42;FALSO;Complicated circle pattern;0,00;FALSO;0;0,00;FALSO;0;0,00;;FALSO;FALSO;VERO;;1503
MAUR;MAUR_F;F;24/06/2005;1,45;FALSO;Smaller Red and White Checkered;0,00;FALSO;0;0,00;FALSO;0;0,00;;FALSO;FALSO;VERO;;1504
MAUR;MAUR_G;G;24/06/2005;1,43;FALSO;Smaller Red and White Checkered;0,00;VERO;3;0,00;FALSO;0;0,00;;FALSO;FALSO;VERO;;1505
MAUR;MAUR_H;H;24/06/2005;1,45;FALSO;Smaller Red and White Checkered;0,00;VERO;3;0,00;FALSO;0;0,00;;FALSO;FALSO;VERO;;1506
MAUR;MAUR_I;I;24/06/2005;1,48;FALSO;Smaller Red and White Checkered;0,00;VERO;3;0,00;FALSO;0;0,00;;FALSO;FALSO;VERO;;1507
MAUR;MAUR_J;J;24/06/2005;1,92;FALSO;Complex square pattern with red, white, and black;0,00;VERO;3;0,00;FALSO;0;0,00;;FALSO;FALSO;FALSO;;1508
MEND;MEND_A;A;16/07/2004;1,13;FALSO;;0,00;VERO;2;1,48;FALSO;0;0,00;contains side alter;FALSO;FALSO;VERO;;1465
MEND;MEND_B;B;16/07/2004;1,14;FALSO;;0,00;FALSO;0;0,00;FALSO;0;0,00;;FALSO;VERO;FALSO;;1466
MEND;MEND_C;C;16/07/2004;1,15;FALSO;;0,00;FALSO;0;0,00;FALSO;0;0,00;;FALSO;FALSO;FALSO;;1467
MEND;MEND_D;D;16/07/2004;1,11;FALSO;;0,00;FALSO;0;0,00;FALSO;0;0,00;;FALSO;FALSO;VERO;;1468
MEND;MEND_E;E;16/07/2004;1,14;FALSO;;0,00;FALSO;0;0,00;FALSO;0;0,00;;FALSO;VERO;VERO;;1469
MEND;MEND_F;F;16/07/2004;1,15;FALSO;;0,00;FALSO;0;0,00;FALSO;0;0,00;;FALSO;FALSO;VERO;;1470
MEND;MEND_G;G;16/07/2004;1,09;FALSO;;0,00;FALSO;0;0,00;FALSO;0;0,00;;VERO;FALSO;VERO;;1471
MEND;MEND_H;H;16/07/2004;1,11;FALSO;;0,00;FALSO;0;0,00;FALSO;0;0,00;;FALSO;VERO;VERO;;1472
MEND;MEND_I;I;16/07/2004;1,14;FALSO;;0,00;FALSO;0;0,00;FALSO;0;0,00;;FALSO;FALSO;VERO;;1473
MEND;MEND_J;J;16/07/2004;1,44;FALSO;;0,00;FALSO;0;0,00;FALSO;0;0,00;;FALSO;FALSO;VERO;;1474
MEND;MEND_K;K;16/07/2004;1,46;FALSO;;0,00;FALSO;0;0,00;FALSO;0;0,00;20 percent covered by platform;FALSO;VERO;VERO;;1454
MEND;MEND_L;L;16/07/2004;1,45;FALSO;;0,00;FALSO;0;0,00;FALSO;0;0,00;;FALSO;FALSO;FALSO;;1455
MEND;MEND_M;M;16/07/2004;1,59;VERO;Smaller Red and White Checkered;1,00;VERO;2;1,89;FALSO;0;0,00;side chapel;FALSO;FALSO;FALSO;;1456
MEND;MEND_N;N;16/07/2004;1,70;VERO;Standard Red and White Checkered;2,00;VERO;4;2,37;FALSO;0;0,00;main alter;FALSO;FALSO;VERO;;1457
MEND;MEND_O;O;16/07/2004;1,60;VERO;Smaller Red and White Checkered;1,00;VERO;2;1,89;FALSO;0;0,00;side chapel;FALSO;FALSO;FALSO;;1458
MEND;MEND_P;P;16/07/2004;1,30;FALSO;;0,00;FALSO;0;0,00;FALSO;0;0,00;side room;FALSO;FALSO;FALSO;;1459
MEND;MEND_Q;Q;16/07/2004;1,48;VERO;Diamond Shape with red white and black;2,00;VERO;3;1,85;FALSO;0;0,00;side chapel;FALSO;FALSO;FALSO;;1460
MEND;MEND_R;R;16/07/2004;1,33;FALSO;;0,00;FALSO;0;0,00;FALSO;0;0,00;side room;FALSO;FALSO;FALSO;;1461
MEND;MEND_S;S;16/07/2004;1,30;VERO;Standard Red and White Checkered;1,00;VERO;2;1,66;FALSO;0;0,00;side chapel;FALSO;FALSO;VERO;;1462
MEND;MEND_T;T;16/07/2004;1,53;VERO;White, Black and Red Square Design;2,00;VERO;2;1,79;FALSO;0;0,00;side chapel;FALSO;FALSO;FALSO;;1463
MEND;MEND_U;U;16/07/2004;1,49;FALSO;;0,00;FALSO;0;0,00;FALSO;0;0,00;side room;FALSO;FALSO;VERO;;1464
MENI;MENI_A;A;17/06/2004;1,33;FALSO;;0,00;FALSO;0;0,00;FALSO;0;0,00;;VERO;VERO;FALSO;;334
MENI;MENI_B;B;17/06/2004;1,33;FALSO;;0,00;FALSO;0;0,00;FALSO;0;0,00;;VERO;VERO;VERO;;335
MENI;MENI_C;C;17/06/2004;1,34;FALSO;;0,00;FALSO;0;0,00;FALSO;0;0,00;;FALSO;VERO;FALSO;;336
MENI;MENI_D;D;17/06/2004;1,34;FALSO;;0,00;FALSO;0;0,00;FALSO;0;0,00;;FALSO;VERO;VERO;;337
MENI;MENI_E;E;17/06/2004;1,80;VERO;;4,00;VERO;4;1,94;FALSO;0;0,00;;FALSO;FALSO;FALSO;;338
MENI;MENI_F;F;17/06/2004;1,68;FALSO;;0,00;VERO;2;1,94;FALSO;0;0,00;;FALSO;FALSO;FALSO;;339
MENI;MENI_G;G;17/06/2004;1,66;FALSO;;0,00;VERO;2;1,96;FALSO;0;0,00;;FALSO;FALSO;FALSO;;340
MICH;MICH_A;A;05/07/2005;0,00;FALSO;;0,00;FALSO;0;0,00;FALSO;0;0,00;;FALSO;FALSO;FALSO;0;1551
MICH;MICH_B;B;05/07/2005;0,00;FALSO;;0,00;FALSO;0;0,00;FALSO;0;0,00;;FALSO;FALSO;FALSO;0;1552
MICH;MICH_C;C;05/07/2005;0,00;FALSO;;0,00;FALSO;0;0,00;FALSO;0;0,00;;FALSO;FALSO;FALSO;0;1553
MICH;MICH_D;D;05/07/2005;0,00;FALSO;;0,00;FALSO;0;0,00;FALSO;0;0,00;;FALSO;FALSO;FALSO;0;1554
MICH;MICH_E;E;05/07/2005;0,00;FALSO;;0,00;FALSO;0;0,00;FALSO;0;0,00;;FALSO;FALSO;FALSO;0;1555
MICH;MICH_F;F;05/07/2005;0,00;FALSO;;0,00;FALSO;0;0,00;FALSO;0;0,00;;FALSO;FALSO;FALSO;0;1556
MICH;MICH_G;G;05/07/2005;0,00;FALSO;;0,00;FALSO;0;0,00;FALSO;0;0,00;;FALSO;FALSO;FALSO;0;1557
MICH;MICH_H;H;05/07/2005;0,00;FALSO;;0,00;FALSO;0;0,00;FALSO;0;0,00;;FALSO;FALSO;FALSO;0;1558
MICH;MICH_I;I;05/07/2005;0,00;FALSO;;0,00;FALSO;0;0,00;FALSO;0;0,00;;FALSO;FALSO;FALSO;0;1559
MICH;MICH_J;J;05/07/2005;0,00;FALSO;;0,00;FALSO;0;0,00;FALSO;0;0,00;;FALSO;FALSO;FALSO;0;1560
MICH;MICH_K;K;05/07/2005;0,00;FALSO;;0,00;FALSO;0;0,00;FALSO;0;0,00;;FALSO;FALSO;FALSO;0;1561
MICH;MICH_L;L;05/07/2005;0,00;FALSO;;0,00;FALSO;0;0,00;FALSO;0;0,00;;FALSO;FALSO;FALSO;0;1562
MICH;MICH_M;M;05/07/2005;0,00;FALSO;;0,00;FALSO;0;0,00;FALSO;0;0,00;;FALSO;FALSO;FALSO;0;1563
MICH;MICH_N;N;05/07/2005;0,00;FALSO;;0,00;FALSO;0;0,00;FALSO;0;0,00;;FALSO;FALSO;FALSO;0;1564
MICH;MICH_O;O;05/07/2005;0,00;FALSO;;0,00;FALSO;0;0,00;FALSO;0;0,00;;FALSO;FALSO;FALSO;0;1565
MICH;MICH_P;P;05/07/2005;0,00;FALSO;;0,00;FALSO;0;0,00;FALSO;0;0,00;;FALSO;FALSO;FALSO;0;1566
MICH;MICH_Q;Q;05/07/2005;0,00;FALSO;;0,00;FALSO;0;0,00;FALSO;0;0,00;;FALSO;FALSO;FALSO;0;1567
MICH;MICH_R;R;05/07/2005;0,00;FALSO;;0,00;FALSO;0;0,00;FALSO;0;0,00;;FALSO;FALSO;FALSO;0;1568
MICH;MICH_S;S;05/07/2005;0,00;FALSO;;0,00;FALSO;0;0,00;FALSO;0;0,00;;FALSO;FALSO;FALSO;0;1569
MIRA;MIRA_A;A;27/06/2002;1,66;FALSO;;;FALSO;;;FALSO;;;;FALSO;FALSO;FALSO;;341
MIRA;MIRA_B;B;27/06/2002;1,66;FALSO;;;FALSO;;;FALSO;;;;FALSO;FALSO;FALSO;;342
MIRA;MIRA_C;C;27/06/2002;1,66;FALSO;;;FALSO;;;FALSO;;;;FALSO;FALSO;FALSO;;343
MIRA;MIRA_D;D;27/06/2002;1,66;FALSO;;;FALSO;;;FALSO;;;;FALSO;FALSO;FALSO;;344
MIRA;MIRA_E;E;27/06/2002;1,66;FALSO;;;FALSO;;;FALSO;;;;FALSO;FALSO;FALSO;;345
MIRA;MIRA_F;F;27/06/2002;1,66;FALSO;;;FALSO;;;FALSO;;;;FALSO;FALSO;FALSO;;346
MIRA;MIRA_G;G;27/06/2002;1,66;FALSO;;;FALSO;;;FALSO;;;;FALSO;FALSO;FALSO;;347
MIRA;MIRA_H;H;27/06/2002;1,66;FALSO;;;FALSO;;;FALSO;;;;FALSO;FALSO;FALSO;;348
MOIS;MOIS_A;A;13/07/2004;1,20;FALSO;;0,00;VERO;3;1,67;FALSO;0;0,00;contains small alter;VERO;VERO;VERO;;1415
MOIS;MOIS_B;B;13/07/2004;1,19;FALSO;;0,00;VERO;3;1,68;FALSO;0;0,00;contains small alter;VERO;VERO;VERO;;1416
MOIS;MOIS_C;C;13/07/2004;1,18;FALSO;;0,00;FALSO;0;0,00;FALSO;0;0,00;;FALSO;VERO;VERO;;1417
MOIS;MOIS_D;D;13/07/2004;1,25;FALSO;;0,00;FALSO;0;0,00;FALSO;0;0,00;contains baptisery;FALSO;VERO;VERO;;1418
MOIS;MOIS_E;E;13/07/2004;1,24;FALSO;;0,00;VERO;3;1,63;FALSO;0;0,00;contains small alter;FALSO;VERO;VERO;;1419
MOIS;MOIS_F;F;13/07/2004;1,25;FALSO;;0,00;VERO;3;1,75;FALSO;0;0,00;contains small alter;FALSO;VERO;VERO;;1420
MOIS;MOIS_G;G;13/07/2004;1,76;VERO;Smaller Red and White Checkered;3,00;VERO;3;2,21;FALSO;0;0,00;side chapel;FALSO;FALSO;VERO;;1421
MOIS;MOIS_H;H;13/07/2004;1,77;VERO;White, Black and Red Square Design;3,00;VERO;3;2,24;FALSO;0;0,00;main alter;FALSO;FALSO;VERO;;1422
MOIS;MOIS_I;I;13/07/2004;1,77;VERO;Smaller Red and White Checkered;3,00;VERO;3;2,26;FALSO;0;0,00;side chapel;FALSO;FALSO;VERO;;1423
NOME;NOME_A;A;24/06/2004;2,38;FALSO;;0,00;VERO;1;2,55;FALSO;0;0,00;75 percent covered by carpet and wooden platform for pews;VERO;VERO;FALSO;;1252
NOME;NOME_B;B;24/06/2004;2,37;FALSO;;0,00;VERO;1;2,54;FALSO;0;0,00;75 percent covered by carpet and wooden platform for pews;VERO;VERO;FALSO;;1253
NOME;NOME_C;C;24/06/2004;2,38;FALSO;;0,00;FALSO;0;0,00;FALSO;0;0,00;80 percent covered by carpet and wooden platform for pews;FALSO;VERO;FALSO;;1254
NOME;NOME_D;D;24/06/2004;2,37;FALSO;;0,00;FALSO;0;0,00;FALSO;0;0,00;80 percent covered by carpet and wooden platform for pews;FALSO;VERO;FALSO;;1255
NOME;NOME_E;E;24/06/2004;2,50;VERO;;1,00;VERO;3;3,02;FALSO;0;0,00;75 percent covered by carpet;FALSO;FALSO;FALSO;;1256
OGNI;OGNI_A;A;16/06/2004;1,50;FALSO;;0,00;FALSO;0;0,00;FALSO;0;0,00;;FALSO;VERO;VERO;;362
OGNI;OGNI_B;B;16/06/2004;1,38;FALSO;;0,00;FALSO;0;0,00;FALSO;0;0,00;;VERO;FALSO;VERO;;363
OGNI;OGNI_C;C;16/06/2004;1,53;FALSO;;0,00;FALSO;0;0,00;FALSO;0;0,00;;FALSO;VERO;VERO;;364
OGNI;OGNI_D;D;16/06/2004;1,59;FALSO;;0,00;VERO;2;1,90;FALSO;0;0,00;;FALSO;VERO;VERO;;365
OGNI;OGNI_E;E;16/06/2004;1,50;FALSO;;0,00;FALSO;0;0,00;FALSO;0;0,00;;FALSO;FALSO;VERO;;366
OGNI;OGNI_F;F;16/06/2004;1,67;FALSO;;0,00;VERO;2;1,98;FALSO;0;0,00;;VERO;VERO;VERO;;367
OGNI;OGNI_G;G;16/06/2004;1,59;FALSO;;0,00;VERO;2;1,90;FALSO;0;0,00;;FALSO;VERO;VERO;;368
OGNI;OGNI_H;H;16/06/2004;1,56;FALSO;;0,00;FALSO;0;0,00;FALSO;0;0,00;;FALSO;FALSO;VERO;;369
OGNI;OGNI_I;I;16/06/2004;1,67;FALSO;;0,00;VERO;3;2,14;FALSO;0;0,00;;FALSO;VERO;VERO;;370
OGNI;OGNI_J;J;16/06/2004;1,56;FALSO;;0,00;FALSO;0;0,00;FALSO;0;0,00;;FALSO;FALSO;VERO;;371
OGNI;OGNI_K;K;16/06/2004;1,67;FALSO;;0,00;FALSO;0;0,00;FALSO;0;0,00;;FALSO;FALSO;VERO;;372
OGNI;OGNI_L;L;16/06/2004;2,02;VERO;;3,00;VERO;2;2,33;FALSO;0;0,00;;FALSO;FALSO;VERO;;373
OGNI;OGNI_M;M;16/06/2004;2,12;VERO;;3,00;VERO;4;2,74;FALSO;0;0,00;;FALSO;FALSO;FALSO;;374
OGNI;OGNI_N;N;16/06/2004;2,14;VERO;;3,00;VERO;2;2,45;FALSO;0;0,00;;FALSO;FALSO;VERO;;375
ORIO;ORIO_A;A;24/06/2004;0,94;FALSO;;0,00;VERO;2;1,26;FALSO;0;0,00;contains side chapel;FALSO;FALSO;VERO;;632
ORIO;ORIO_B;B;24/06/2004;0,93;FALSO;;0,00;FALSO;0;0,00;FALSO;0;0,00;;VERO;VERO;FALSO;;633
ORIO;ORIO_C;C;24/06/2004;0,94;FALSO;;0,00;VERO;2;1,22;FALSO;0;0,00;contains small alter;FALSO;FALSO;VERO;;634
ORIO;ORIO_D;D;24/06/2004;0,94;FALSO;;0,00;FALSO;0;0,00;FALSO;0;0,00;;FALSO;FALSO;FALSO;;635
ORIO;ORIO_E;E;24/06/2004;0,98;FALSO;;0,00;FALSO;0;0,00;FALSO;0;0,00;;FALSO;VERO;FALSO;;636
ORIO;ORIO_F;F;24/06/2004;1,00;FALSO;;0,00;FALSO;0;0,00;FALSO;0;0,00;;FALSO;FALSO;VERO;;637
ORIO;ORIO_G;G;24/06/2004;1,00;FALSO;;0,00;FALSO;0;0,00;FALSO;0;0,00;portion covered by bureaus;FALSO;FALSO;FALSO;;638
ORIO;ORIO_H;H;24/06/2004;1,13;VERO;;1,00;VERO;3;1,61;FALSO;0;0,00;large side chapel;FALSO;FALSO;VERO;;639
ORIO;ORIO_I;I;24/06/2004;1,02;FALSO;;0,00;FALSO;0;0,00;FALSO;0;0,00;;FALSO;VERO;VERO;;640
ORIO;ORIO_J;J;24/06/2004;1,06;FALSO;;0,00;FALSO;0;0,00;FALSO;0;0,00;;FALSO;VERO;VERO;;641
ORIO;ORIO_K;K;24/06/2004;1,07;FALSO;;0,00;FALSO;0;0,00;FALSO;0;0,00;;FALSO;VERO;VERO;;642
ORIO;ORIO_L;L;24/06/2004;1,05;FALSO;;0,00;VERO;3;1,54;FALSO;0;0,00;contains side alter;FALSO;FALSO;VERO;;643
ORIO;ORIO_M;M;24/06/2004;1,58;VERO;;3,00;VERO;2;1,86;FALSO;0;0,00;side chapel;FALSO;FALSO;VERO;;644
ORIO;ORIO_N;N;24/06/2004;1,51;VERO;;3,00;VERO;3;1,99;FALSO;0;0,00;main alter;FALSO;FALSO;FALSO;;645
ORIO;ORIO_O;O;24/06/2004;1,46;VERO;;2,00;VERO;4;2,10;FALSO;0;0,00;"side chapel;  first step covered with wooden plank, steps very deteriorated";FALSO;FALSO;FALSO;;646
ORIO;ORIO_P;P;24/06/2004;1,26;FALSO;;0,00;FALSO;0;0,00;FALSO;0;0,00;small darkened side room;FALSO;FALSO;VERO;;647
ORIO;ORIO_Q;Q;24/06/2004;1,06;VERO;;1,00;VERO;1;1,16;FALSO;0;0,00;small side chapel;FALSO;FALSO;FALSO;;648
ORTO;ORTO_A;A;03/07/2002;1,89;FALSO;;;FALSO;;;FALSO;;;;FALSO;FALSO;FALSO;;376
ORTO;ORTO_B;B;03/07/2002;1,89;FALSO;;;FALSO;;;FALSO;;;;FALSO;FALSO;FALSO;;377
ORTO;ORTO_C;C;03/07/2002;1,89;FALSO;;;FALSO;;;FALSO;;;;FALSO;FALSO;FALSO;;378
ORTO;ORTO_D;D;03/07/2002;1,89;FALSO;;;FALSO;;;FALSO;;;;FALSO;FALSO;FALSO;;379
ORTO;ORTO_E;E;03/07/2002;1,89;FALSO;;;FALSO;;;FALSO;;;;FALSO;FALSO;FALSO;;380
ORTO;ORTO_F;F;03/07/2002;1,89;FALSO;;;FALSO;;;FALSO;;;;FALSO;FALSO;FALSO;;381
ORTO;ORTO_G;G;03/07/2002;1,89;FALSO;;;FALSO;;;FALSO;;;;FALSO;FALSO;FALSO;;382
ORTO;ORTO_H;H;03/07/2002;1,89;FALSO;;;FALSO;;;FALSO;;;;FALSO;FALSO;FALSO;;383
ORTO;ORTO_I;I;03/07/2002;1,89;FALSO;;;FALSO;;;FALSO;;;;FALSO;FALSO;FALSO;;384
ORTO;ORTO_J;J;03/07/2002;1,89;FALSO;;;FALSO;;;FALSO;;;;FALSO;FALSO;FALSO;;385
ORTO;ORTO_K;K;03/07/2002;1,89;FALSO;;;FALSO;;;FALSO;;;;FALSO;FALSO;FALSO;;386
ORTO;ORTO_L;L;03/07/2002;1,89;FALSO;;;FALSO;;;FALSO;;;;FALSO;FALSO;FALSO;;387
ORTO;ORTO_M;M;03/07/2002;1,89;FALSO;;;FALSO;;;FALSO;;;;FALSO;FALSO;FALSO;;388
ORTO;ORTO_N;N;03/07/2002;1,89;FALSO;;;FALSO;;;FALSO;;;;FALSO;FALSO;FALSO;;389
ORTO;ORTO_O;O;03/07/2002;1,89;FALSO;;;FALSO;;;FALSO;;;;FALSO;FALSO;FALSO;;390
ORTO;ORTO_P;P;03/07/2002;1,89;FALSO;;;FALSO;;;FALSO;;;;FALSO;FALSO;FALSO;;391
ORTO;ORTO_Q;Q;03/07/2002;1,89;FALSO;;;FALSO;;;FALSO;;;;FALSO;FALSO;FALSO;;392
OSPE;OSPE_A;A;04/07/2003;1,13;FALSO;;0,00;FALSO;0;0,00;FALSO;0;0,00;;FALSO;FALSO;FALSO;;393
OSPE;OSPE_B;B;04/07/2003;1,15;FALSO;;0,00;FALSO;0;0,00;FALSO;0;0,00;;FALSO;FALSO;FALSO;;394
OSPE;OSPE_C;C;04/07/2003;1,15;FALSO;;0,00;FALSO;0;0,00;FALSO;0;0,00;;FALSO;FALSO;FALSO;;395
OSPE;OSPE_D;D;04/07/2003;1,11;FALSO;;0,00;FALSO;0;0,00;FALSO;0;0,00;;FALSO;FALSO;FALSO;;396
OSPE;OSPE_E;E;04/07/2003;1,06;FALSO;;0,00;FALSO;0;0,00;FALSO;0;0,00;;FALSO;FALSO;FALSO;;397
OSPE;OSPE_F;F;04/07/2003;1,65;FALSO;;0,00;FALSO;0;0,00;FALSO;0;0,00;;FALSO;FALSO;FALSO;;398
PANT;PANT_A;A;14/06/2004;1,68;VERO;;3,00;VERO;3;2,56;FALSO;0;0,00;;FALSO;FALSO;VERO;;399
PANT;PANT_B;B;14/06/2004;1,65;FALSO;;0,00;FALSO;0;0,00;FALSO;0;0,00;;VERO;VERO;VERO;;400
PANT;PANT_C;C;14/06/2004;1,64;FALSO;;0,00;FALSO;0;0,00;FALSO;0;0,00;;FALSO;FALSO;VERO;;401
PANT;PANT_D;D;14/06/2004;2,07;VERO;;3,00;VERO;3;2,51;FALSO;0;0,00;;FALSO;FALSO;FALSO;;402
PANT;PANT_E;E;14/06/2004;1,66;VERO;;3,00;VERO;3;2,54;FALSO;0;0,00;;FALSO;FALSO;VERO;;403
PANT;PANT_F;F;14/06/2004;1,62;FALSO;;0,00;FALSO;0;0,00;FALSO;0;0,00;;FALSO;VERO;VERO;;404
PANT;PANT_G;G;14/06/2004;1,62;FALSO;;0,00;FALSO;0;0,00;FALSO;0;0,00;;FALSO;FALSO;VERO;;405
PANT;PANT_H;H;14/06/2004;2,05;VERO;;3,00;VERO;5;2,79;FALSO;0;0,00;;FALSO;FALSO;FALSO;;406
PANT;PANT_I;I;14/06/2004;1,65;VERO;;3,00;VERO;3;2,54;FALSO;0;0,00;;FALSO;FALSO;VERO;;407
PANT;PANT_J;J;14/06/2004;1,61;FALSO;;0,00;FALSO;0;0,00;FALSO;0;0,00;;FALSO;VERO;VERO;;408
PANT;PANT_K;K;14/06/2004;1,59;FALSO;;0,00;FALSO;0;0,00;FALSO;0;0,00;;FALSO;FALSO;VERO;;409
PANT;PANT_L;L;14/06/2004;2,06;VERO;;3,00;VERO;3;2,50;FALSO;0;0,00;;FALSO;FALSO;FALSO;;410
PANT;PANT_M;M;14/06/2004;1,64;FALSO;;0,00;FALSO;0;0,00;FALSO;0;0,00;;FALSO;FALSO;VERO;;411
PANT;PANT_N;N;14/06/2004;1,61;FALSO;;0,00;FALSO;0;0,00;FALSO;0;0,00;;FALSO;FALSO;VERO;;412
PANT;PANT_O;O;14/06/2004;1,46;FALSO;;0,00;FALSO;0;0,00;FALSO;0;0,00;;FALSO;FALSO;FALSO;;413
PANT;PANT_P;P;14/06/2004;2,37;VERO;;3,00;VERO;6;3,09;FALSO;0;0,00;;FALSO;FALSO;FALSO;;414
PAUL;PAUL_A;A;26/06/2003;1,79;FALSO;;0,00;VERO;3;0,00;FALSO;0;0,00;;FALSO;FALSO;FALSO;;415
PAUL;PAUL_B;B;26/06/2003;1,78;FALSO;;0,00;FALSO;0;0,00;FALSO;0;0,00;;FALSO;FALSO;FALSO;;416
PAUL;PAUL_C;C;26/06/2003;1,78;FALSO;;0,00;VERO;4;0,00;FALSO;0;0,00;;FALSO;FALSO;FALSO;;417
PAUL;PAUL_D;D;26/06/2003;1,79;FALSO;;0,00;VERO;3;0,00;VERO;3;0,00;;FALSO;FALSO;FALSO;;418
PAUL;PAUL_E;E;26/06/2003;1,77;FALSO;;0,00;FALSO;0;0,00;FALSO;0;0,00;;FALSO;FALSO;FALSO;;419
PAUL;PAUL_F;F;26/06/2003;1,76;FALSO;;0,00;VERO;3;0,00;VERO;4;0,00;;FALSO;FALSO;FALSO;;420
PAUL;PAUL_G;G;26/06/2003;1,69;FALSO;;0,00;FALSO;0;0,00;FALSO;0;0,00;;FALSO;FALSO;FALSO;;421
PAUL;PAUL_H;H;26/06/2003;1,71;FALSO;;0,00;FALSO;0;0,00;FALSO;0;0,00;;FALSO;FALSO;FALSO;;422
PAUL;PAUL_I;I;26/06/2003;1,72;FALSO;;0,00;VERO;3;0,00;FALSO;0;0,00;;FALSO;FALSO;FALSO;;423
PAUL;PAUL_J;J;26/06/2003;2,16;VERO;Red, Grey, Black and White blocks in hectagon;3,00;VERO;3;0,00;FALSO;0;0,00;;FALSO;FALSO;FALSO;;424
PAUL;PAUL_K;K;16/06/2003;2,19;VERO;Smaller Red and White Checkered;3,00;VERO;1;0,00;FALSO;0;0,00;;FALSO;FALSO;FALSO;;425
PAUL;PAUL_L;L;26/06/2003;2,16;VERO;Smaller Red and White Checkered;3,00;VERO;2;0,00;FALSO;0;0,00;;FALSO;FALSO;FALSO;;426
PAUL;PAUL_M;M;26/06/2003;2,13;VERO;Smaller Red and White Checkered;3,00;VERO;2;0,00;FALSO;0;0,00;;FALSO;FALSO;FALSO;;427
PAUL;PAUL_N;N;26/06/2003;2,22;VERO;Smaller Red and White Checkered;3,00;VERO;1;0,00;FALSO;0;0,00;;FALSO;FALSO;FALSO;;428
PIET;PIET_A;A;11/07/2003;2,17;FALSO;;0,00;FALSO;0;0,00;FALSO;0;0,00;;FALSO;FALSO;FALSO;;429
PIET;PIET_B;B;11/07/2003;2,22;FALSO;;0,00;FALSO;0;0,00;FALSO;0;0,00;;FALSO;FALSO;FALSO;;430
PIET;PIET_C;C;11/07/2003;2,17;FALSO;;0,00;FALSO;0;0,00;FALSO;0;0,00;;FALSO;FALSO;FALSO;;431
PIET;PIET_D;D;11/07/2003;2,13;FALSO;;0,00;FALSO;0;0,00;FALSO;0;0,00;;FALSO;FALSO;FALSO;;432
PIET;PIET_E;E;11/07/2003;2,20;FALSO;;0,00;FALSO;0;0,00;FALSO;0;0,00;;FALSO;FALSO;FALSO;;433
PIET;PIET_F;F;11/07/2003;2,14;FALSO;;0,00;FALSO;0;0,00;FALSO;0;0,00;;FALSO;FALSO;FALSO;;434
PIET;PIET_G;G;11/07/2003;2,11;FALSO;;0,00;FALSO;0;0,00;FALSO;0;0,00;;FALSO;FALSO;FALSO;;435
PIET;PIET_H;H;11/07/2003;2,17;FALSO;;0,00;FALSO;0;0,00;FALSO;0;0,00;;FALSO;FALSO;FALSO;;436
PIET;PIET_I;I;11/07/2003;2,13;FALSO;;0,00;FALSO;0;0,00;FALSO;0;0,00;;FALSO;FALSO;FALSO;;437
PIET;PIET_J;J;11/07/2003;2,08;FALSO;;0,00;FALSO;0;0,00;FALSO;0;0,00;;FALSO;FALSO;FALSO;;438
PIET;PIET_K;K;11/07/2003;2,15;FALSO;;0,00;FALSO;0;0,00;FALSO;0;0,00;;FALSO;FALSO;FALSO;;439
PIET;PIET_L;L;11/07/2003;2,13;FALSO;;0,00;FALSO;0;0,00;FALSO;0;0,00;;FALSO;FALSO;FALSO;;440
PIET;PIET_M;M;11/07/2003;2,59;VERO;Hexagon, with white, black and red marble;3,00;FALSO;0;0,00;FALSO;0;0,00;;FALSO;FALSO;FALSO;;441
PIET;PIET_N;N;11/07/2003;2,91;VERO;Half a hexagon with white black and red color;5,00;FALSO;0;0,00;FALSO;0;0,00;;FALSO;FALSO;FALSO;;442
PIET;PIET_O;O;11/07/2003;3,26;VERO;Standard Red and White Checkered;7,00;FALSO;0;0,00;FALSO;0;0,00;;FALSO;FALSO;FALSO;;443
PIET;PIET_P;P;11/07/2003;2,93;VERO;Hexagon, red, peach, black, gre marble;5,00;FALSO;0;0,00;FALSO;0;0,00;;FALSO;FALSO;FALSO;;444
PIET;PIET_Q;Q;11/07/2003;1,63;FALSO;;0,00;FALSO;0;0,00;FALSO;0;0,00;;FALSO;FALSO;FALSO;;445
PIVI;PIVI_A;A;22/06/2003;1,89;FALSO;;0,00;FALSO;0;0,00;FALSO;0;0,00;;FALSO;FALSO;FALSO;;286
PIVI;PIVI_B;B;22/06/2003;2,25;FALSO;;0,00;VERO;3;0,00;FALSO;0;0,00;;FALSO;FALSO;FALSO;;287
PIVI;PIVI_C;C;22/06/2003;2,27;FALSO;;0,00;VERO;3;0,00;FALSO;0;0,00;;FALSO;FALSO;FALSO;;288
PIVI;PIVI_D;D;22/06/2003;2,19;FALSO;;0,00;VERO;3;0,00;FALSO;0;0,00;;FALSO;FALSO;FALSO;;289
PIVI;PIVI_E;E;22/06/2003;2,22;FALSO;;0,00;VERO;3;0,00;FALSO;0;0,00;;FALSO;FALSO;FALSO;;290
PIVI;PIVI_F;F;22/06/2003;2,61;VERO;;3,00;VERO;3;0,00;FALSO;0;0,00;;FALSO;FALSO;FALSO;;291
POLO;POLO_A;A;18/07/2003;1,41;FALSO;;0,00;FALSO;0;0,00;FALSO;0;0,00;;FALSO;FALSO;FALSO;;446
POLO;POLO_B;B;18/07/2003;1,45;FALSO;;0,00;FALSO;0;0,00;FALSO;0;0,00;;FALSO;FALSO;FALSO;;447
POLO;POLO_C;C;18/07/2003;1,46;FALSO;;0,00;FALSO;0;0,00;FALSO;0;0,00;;FALSO;FALSO;FALSO;;448
POLO;POLO_D;D;18/07/2003;1,39;FALSO;;0,00;FALSO;0;0,00;FALSO;0;0,00;;FALSO;FALSO;FALSO;;449
POLO;POLO_E;E;18/07/2003;1,45;FALSO;;0,00;FALSO;0;0,00;FALSO;0;0,00;;FALSO;FALSO;FALSO;;450
POLO;POLO_F;F;18/07/2003;1,51;FALSO;;0,00;FALSO;0;0,00;FALSO;0;0,00;;FALSO;FALSO;FALSO;;451
POLO;POLO_G;G;18/07/2003;1,33;FALSO;;0,00;FALSO;0;0,00;FALSO;0;0,00;;FALSO;FALSO;FALSO;;452
POLO;POLO_H;H;18/07/2003;1,41;FALSO;;0,00;FALSO;0;0,00;FALSO;0;0,00;;FALSO;FALSO;FALSO;;453
POLO;POLO_I;I;18/07/2003;1,44;FALSO;;0,00;FALSO;0;0,00;FALSO;0;0,00;;FALSO;FALSO;FALSO;;454
POLO;POLO_J;J;18/07/2003;1,63;FALSO;;0,00;FALSO;0;0,00;FALSO;0;0,00;;FALSO;FALSO;FALSO;;455
POLO;POLO_K;K;18/07/2003;1,83;FALSO;;0,00;FALSO;0;0,00;FALSO;0;0,00;;FALSO;FALSO;FALSO;;456
POLO;POLO_L;L;18/07/2003;1,75;FALSO;;0,00;FALSO;0;0,00;FALSO;0;0,00;;FALSO;FALSO;FALSO;;457
POLO;POLO_M;M;18/07/2003;1,34;FALSO;;0,00;FALSO;0;0,00;FALSO;0;0,00;;FALSO;FALSO;FALSO;;458
REDE;REDE_A;A;28/06/2005;4,07;FALSO;Smaller Red and White Checkered;0,00;VERO;3;0,00;FALSO;0;0,00;;FALSO;FALSO;FALSO;0;1509
REDE;REDE_B;B;28/06/2005;3,56;FALSO;Smaller Red and White Checkered;0,00;FALSO;0;0,00;FALSO;0;0,00;;FALSO;FALSO;FALSO;0;1510
REDE;REDE_C;C;28/06/2005;3,53;FALSO;Smaller Red and White Checkered;0,00;FALSO;0;0,00;FALSO;0;0,00;;VERO;VERO;FALSO;0;1511
REDE;REDE_D;D;28/06/2005;3,59;FALSO;Smaller Red and White Checkered;0,00;FALSO;0;0,00;FALSO;0;0,00;;FALSO;FALSO;VERO;1;1512
REDE;REDE_E;E;28/06/2005;4,09;FALSO;Smaller Red and White Checkered;0,00;VERO;3;0,00;FALSO;0;0,00;;FALSO;FALSO;FALSO;0;1513
REDE;REDE_F;F;28/06/2005;4,05;FALSO;Smaller Red and White Checkered;0,00;VERO;3;0,00;FALSO;0;0,00;;FALSO;FALSO;FALSO;0;1514
REDE;REDE_G;G;28/06/2005;3,56;FALSO;Smaller Red and White Checkered;0,00;FALSO;0;0,00;FALSO;0;0,00;;FALSO;FALSO;FALSO;0;1515
REDE;REDE_H;H;28/06/2005;3,55;FALSO;Smaller Red and White Checkered;0,00;FALSO;0;0,00;FALSO;0;0,00;;FALSO;VERO;FALSO;0;1516
REDE;REDE_I;I;28/06/2005;3,56;FALSO;Smaller Red and White Checkered;0,00;FALSO;0;0,00;FALSO;0;0,00;;FALSO;FALSO;FALSO;0;1517
REDE;REDE_J;J;28/06/2005;4,03;FALSO;Smaller Red and White Checkered;0,00;VERO;3;0,00;FALSO;0;0,00;;FALSO;FALSO;FALSO;0;1518
REDE;REDE_K;K;28/06/2005;4,03;FALSO;Smaller Red and White Checkered;0,00;VERO;3;0,00;FALSO;0;0,00;;FALSO;FALSO;FALSO;0;1519
REDE;REDE_L;L;28/06/2005;3,56;FALSO;Smaller Red and White Checkered;0,00;FALSO;0;0,00;FALSO;0;0,00;;FALSO;FALSO;FALSO;0;1520
REDE;REDE_M;M;28/06/2005;3,50;FALSO;Smaller Red and White Checkered;0,00;FALSO;0;0,00;FALSO;0;0,00;;FALSO;VERO;FALSO;0;1521
REDE;REDE_N;N;28/06/2005;3,50;FALSO;Smaller Red and White Checkered;0,00;FALSO;0;0,00;FALSO;0;0,00;;FALSO;FALSO;FALSO;0;1522
REDE;REDE_O;O;28/06/2005;3,96;FALSO;Smaller Red and White Checkered;0,00;VERO;3;0,00;FALSO;0;0,00;;FALSO;FALSO;FALSO;0;1523
REDE;REDE_P;P;28/06/2005;3,93;FALSO;complicated circle and square pattern;0,00;FALSO;0;0,00;FALSO;0;0,00;;FALSO;VERO;FALSO;0;1524
REDE;REDE_Q;Q;28/06/2005;3,85;FALSO;Complicated circle pattern;0,00;FALSO;0;0,00;FALSO;0;0,00;;FALSO;VERO;FALSO;0;1525
REDE;REDE_R;R;28/06/2005;0,00;FALSO;Wooden Floor;0,00;FALSO;0;0,00;FALSO;0;0,00;;FALSO;FALSO;FALSO;0;1527
REDE;REDE_S;S;28/06/2005;3,94;FALSO;hexagon red white black;0,00;VERO;5;0,00;FALSO;0;0,00;;FALSO;FALSO;FALSO;0;1526
ROCC;ROCC_A;A;16/07/2003;2,28;FALSO;;0,00;FALSO;0;0,00;FALSO;0;0,00;;FALSO;FALSO;FALSO;;459
ROCC;ROCC_B;B;16/07/2003;2,29;FALSO;;0,00;FALSO;0;0,00;FALSO;0;0,00;;FALSO;FALSO;FALSO;;460
ROCC;ROCC_C;C;16/07/2003;2,29;FALSO;;0,00;FALSO;0;0,00;FALSO;0;0,00;;FALSO;FALSO;FALSO;;461
ROCC;ROCC_D;D;16/07/2003;2,24;FALSO;;0,00;FALSO;0;0,00;FALSO;0;0,00;;FALSO;FALSO;FALSO;;462
ROCC;ROCC_E;E;16/07/2003;2,25;FALSO;;0,00;FALSO;0;0,00;FALSO;0;0,00;;FALSO;FALSO;FALSO;;463
ROCC;ROCC_F;F;16/07/2003;2,28;FALSO;;0,00;FALSO;0;0,00;FALSO;0;0,00;;FALSO;FALSO;FALSO;;464
ROCC;ROCC_G;G;16/07/2003;2,29;FALSO;;0,00;FALSO;0;0,00;FALSO;0;0,00;;FALSO;FALSO;FALSO;;465
ROCC;ROCC_H;H;16/07/2003;2,29;FALSO;;0,00;FALSO;0;0,00;FALSO;0;0,00;;FALSO;FALSO;FALSO;;466
ROCC;ROCC_I;I;16/07/2003;2,29;FALSO;;0,00;FALSO;0;0,00;FALSO;0;0,00;;FALSO;FALSO;FALSO;;467
ROCC;ROCC_J;J;16/07/2003;2,58;FALSO;;0,00;FALSO;0;0,00;FALSO;0;0,00;;FALSO;FALSO;FALSO;;468
ROCC;ROCC_K;K;16/07/2003;2,58;FALSO;;0,00;FALSO;0;0,00;FALSO;0;0,00;;FALSO;FALSO;FALSO;;469
ROCC;ROCC_L;L;16/07/2003;2,58;FALSO;;0,00;FALSO;0;0,00;FALSO;0;0,00;;FALSO;FALSO;FALSO;;470
ROMI;ROMI_A;A;22/06/2004;1,50;FALSO;Standard Red and White Checkered;0,00;FALSO;0;0,00;FALSO;0;0,00;;VERO;VERO;VERO;;471
ROMI;ROMI_B;B;22/06/2004;1,47;FALSO;Standard Red and White Checkered;0,00;FALSO;0;0,00;FALSO;0;0,00;;VERO;VERO;VERO;;472
ROMI;ROMI_C;C;22/06/2004;1,50;FALSO;Standard Red and White Checkered;0,00;VERO;2;1,81;FALSO;0;0,00;contains small 2 step side alter;FALSO;VERO;VERO;;473
ROMI;ROMI_D;D;22/06/2004;1,48;FALSO;Standard Red and White Checkered;0,00;VERO;2;1,79;FALSO;0;0,00;contains small 2 step side alter;FALSO;VERO;VERO;;474
ROMI;ROMI_E;E;22/06/2004;1,80;FALSO;Standard Red and White Checkered;;FALSO;0;0,00;FALSO;0;0,00;;VERO;FALSO;VERO;;475
ROMI;ROMI_F;F;22/06/2004;1,81;VERO;Standard Red and White Checkered;2,00;VERO;3;2,30;FALSO;0;0,00;contains main alter;FALSO;FALSO;VERO;;476
ROMI;ROMI_G;G;22/06/2004;1,80;FALSO;Standard Red and White Checkered;0,00;FALSO;0;0,00;FALSO;0;0,00;;VERO;FALSO;VERO;;477
SALU;SALU_A;A;10/07/2002;3,81;FALSO;;;FALSO;;;FALSO;;;;FALSO;FALSO;FALSO;;491
SALU;SALU_B;B;10/07/2002;3,81;FALSO;;;FALSO;;;FALSO;;;;FALSO;FALSO;FALSO;;492
SALU;SALU_C;C;10/07/2002;3,81;FALSO;;;FALSO;;;FALSO;;;;FALSO;FALSO;FALSO;;493
SALU;SALU_D;D;10/07/2002;3,81;FALSO;;;FALSO;;;FALSO;;;;FALSO;FALSO;FALSO;;494
SALU;SALU_E;E;10/07/2002;3,81;FALSO;;;FALSO;;;FALSO;;;;FALSO;FALSO;FALSO;;495
SALU;SALU_F;F;10/07/2002;3,81;FALSO;;;FALSO;;;FALSO;;;;FALSO;FALSO;FALSO;;496
SALU;SALU_G;G;10/07/2002;3,81;FALSO;;;FALSO;;;FALSO;;;;FALSO;FALSO;FALSO;;497
SALU;SALU_H;H;10/07/2002;3,81;FALSO;;;FALSO;;;FALSO;;;;FALSO;FALSO;FALSO;;498
SALU;SALU_I;I;10/07/2002;3,81;FALSO;;;FALSO;;;FALSO;;;;FALSO;FALSO;FALSO;;499
SALU;SALU_J;J;10/07/2002;3,81;FALSO;;;FALSO;;;FALSO;;;;FALSO;FALSO;FALSO;;500
SALU;SALU_K;K;10/07/2002;3,81;FALSO;;;FALSO;;;FALSO;;;;FALSO;FALSO;FALSO;;501
SALU;SALU_L;L;10/07/2002;3,81;FALSO;;;FALSO;;;FALSO;;;;FALSO;FALSO;FALSO;;502
SALU;SALU_M;M;10/07/2002;3,81;FALSO;;;FALSO;;;FALSO;;;;FALSO;FALSO;FALSO;;503
SALU;SALU_N;N;10/07/2002;3,81;FALSO;;;FALSO;;;FALSO;;;;FALSO;FALSO;FALSO;;504
SALU;SALU_O;O;10/07/2002;3,81;FALSO;;;FALSO;;;FALSO;;;;FALSO;FALSO;FALSO;;505
SALU;SALU_P;P;10/07/2002;3,81;FALSO;;;FALSO;;;FALSO;;;;FALSO;FALSO;FALSO;;506
SALU;SALU_Q;Q;10/07/2002;3,81;FALSO;;;FALSO;;;FALSO;;;;FALSO;FALSO;FALSO;;507
SALU;SALU_R;R;10/07/2002;3,81;FALSO;;;FALSO;;;FALSO;;;;FALSO;FALSO;FALSO;;508
SALU;SALU_S;S;10/07/2002;3,81;FALSO;;;FALSO;;;FALSO;;;;FALSO;FALSO;FALSO;;509
SALU;SALU_T;T;10/07/2002;3,81;FALSO;;;FALSO;;;FALSO;;;;FALSO;FALSO;FALSO;;510
SALU;SALU_U;U;10/07/2002;3,81;FALSO;;;FALSO;;;FALSO;;;;FALSO;FALSO;FALSO;;511
SALU;SALU_V;V;10/07/2002;3,81;FALSO;;;FALSO;;;FALSO;;;;FALSO;FALSO;FALSO;;512
SALU;SALU_W;W;10/07/2002;3,81;FALSO;;;FALSO;;;FALSO;;;;FALSO;FALSO;FALSO;;513
SALU;SALU_X;X;10/07/2002;3,81;FALSO;;;FALSO;;;FALSO;;;;FALSO;FALSO;FALSO;;514
SALU;SALU_Y;Y;10/07/2002;3,81;FALSO;;;FALSO;;;FALSO;;;;FALSO;FALSO;FALSO;;515
SALU;SALU_Z;Z;10/07/2002;3,81;FALSO;;;FALSO;;;FALSO;;;;FALSO;FALSO;FALSO;;516
SALV;SALV_A;A;08/07/2004;2,62;FALSO;;0,00;VERO;3;3,12;FALSO;0;0,00;contains side alter;FALSO;FALSO;VERO;;1394
SALV;SALV_B;B;08/07/2004;2,63;FALSO;;0,00;FALSO;0;0,00;FALSO;0;0,00;;VERO;FALSO;VERO;;1395
SALV;SALV_C;C;08/07/2004;2,53;FALSO;;0,00;VERO;3;3,01;FALSO;0;0,00;contains side alter;FALSO;FALSO;VERO;;1396
SALV;SALV_D;D;08/07/2004;2,63;FALSO;;0,00;FALSO;0;0,00;FALSO;0;0,00;;FALSO;FALSO;VERO;;1397
SALV;SALV_E;E;08/07/2004;2,71;FALSO;;0,00;FALSO;0;0,00;FALSO;0;0,00;;FALSO;FALSO;VERO;;1398
SALV;SALV_F;F;08/07/2004;2,55;FALSO;;0,00;FALSO;0;0,00;FALSO;0;0,00;large depression in the floor;FALSO;FALSO;VERO;;1399
SALV;SALV_G;G;08/07/2004;2,67;FALSO;;0,00;VERO;3;3,17;FALSO;0;0,00;contains side alter;FALSO;FALSO;VERO;;1400
SALV;SALV_H;H;08/07/2004;2,66;FALSO;;0,00;FALSO;0;0,00;FALSO;0;0,00;large depression in floor;FALSO;VERO;VERO;;1401
SALV;SALV_I;I;08/07/2004;2,66;FALSO;;0,00;VERO;3;3,21;FALSO;0;0,00;contains side alter;FALSO;FALSO;VERO;;1402
SALV;SALV_J;J;08/07/2004;2,73;FALSO;;0,00;FALSO;0;0,00;FALSO;0;0,00;;FALSO;FALSO;VERO;;1403
SALV;SALV_K;K;08/07/2004;2,78;FALSO;;0,00;FALSO;0;0,00;FALSO;0;0,00;;FALSO;VERO;VERO;;1404
SALV;SALV_L;L;08/07/2004;2,74;FALSO;;0,00;FALSO;0;0,00;FALSO;0;0,00;;FALSO;FALSO;VERO;;1405
SALV;SALV_M;M;08/07/2004;2,74;FALSO;;0,00;VERO;3;3,37;FALSO;0;0,00;contains side alter;FALSO;FALSO;VERO;;1406
SALV;SALV_N;N;08/07/2004;2,88;FALSO;;0,00;FALSO;0;0,00;FALSO;0;0,00;;FALSO;VERO;VERO;;1407
SALV;SALV_O;O;08/07/2004;2,79;FALSO;;0,00;VERO;3;3,20;FALSO;0;0,00;contains side alter;FALSO;FALSO;VERO;;1408
SALV;SALV_P;P;08/07/2004;2,96;FALSO;;0,00;VERO;3;3,46;VERO;3;3,35;contains two side alters;FALSO;VERO;VERO;;1409
SALV;SALV_Q;Q;08/07/2004;2,96;FALSO;;0,00;FALSO;0;0,00;FALSO;0;0,00;4 foot diameter hole in the floor covered with glass;FALSO;VERO;VERO;;1410
SALV;SALV_R;R;08/07/2004;2,86;FALSO;;0,00;VERO;3;3,40;VERO;3;3,37;contains two side alters;FALSO;VERO;VERO;;1411
SALV;SALV_S;S;08/07/2004;3,51;VERO;;3,00;VERO;4;4,15;FALSO;0;0,00;side chapel, 15 percent covered by carpet;FALSO;FALSO;VERO;;1412
SALV;SALV_T;T;08/07/2004;3,49;VERO;;3,00;VERO;5;4,39;FALSO;0;0,00;main alter;FALSO;FALSO;FALSO;;1413
SALV;SALV_U;U;08/07/2004;3,40;VERO;;3,00;VERO;3;4,06;FALSO;0;0,00;side chapel;FALSO;FALSO;VERO;;1414
SCAL;SCAL_A;A;03/07/2002;1,89;FALSO;;;FALSO;;;FALSO;;;;FALSO;FALSO;FALSO;;349
SCAL;SCAL_B;B;03/07/2002;1,89;FALSO;;;FALSO;;;FALSO;;;;FALSO;FALSO;FALSO;;350
SCAL;SCAL_C;C;03/07/2002;1,89;FALSO;;;FALSO;;;FALSO;;;;FALSO;FALSO;FALSO;;351
SCAL;SCAL_D;D;03/07/2002;1,89;FALSO;;;FALSO;;;FALSO;;;;FALSO;FALSO;FALSO;;352
SCAL;SCAL_E;E;03/07/2002;1,89;FALSO;;;FALSO;;;FALSO;;;;FALSO;FALSO;FALSO;;353
SCAL;SCAL_F;F;03/07/2002;1,89;FALSO;;;FALSO;;;FALSO;;;;FALSO;FALSO;FALSO;;354
SCAL;SCAL_G;G;03/07/2002;1,89;FALSO;;;FALSO;;;FALSO;;;;FALSO;FALSO;FALSO;;355
SCAL;SCAL_H;H;03/07/2002;1,89;FALSO;;;FALSO;;;FALSO;;;;FALSO;FALSO;FALSO;;356
SCAL;SCAL_I;I;03/07/2002;1,89;FALSO;;;FALSO;;;FALSO;;;;FALSO;FALSO;FALSO;;357
SCAL;SCAL_J;J;03/07/2002;1,89;FALSO;;;FALSO;;;FALSO;;;;FALSO;FALSO;FALSO;;358
SCAL;SCAL_K;K;03/07/2002;1,89;FALSO;;;FALSO;;;FALSO;;;;FALSO;FALSO;FALSO;;359
SCAL;SCAL_L;L;03/07/2002;1,89;FALSO;;;FALSO;;;FALSO;;;;FALSO;FALSO;FALSO;;360
SCAL;SCAL_M;M;03/07/2002;1,89;FALSO;;;FALSO;;;FALSO;;;;FALSO;FALSO;FALSO;;361
SEBA;SEBA_A;A;09/07/2002;1,45;FALSO;;;FALSO;;;FALSO;;;;FALSO;FALSO;FALSO;;517
SEBA;SEBA_B;B;09/07/2002;1,45;FALSO;;;FALSO;;;FALSO;;;;FALSO;FALSO;FALSO;;518
SEBA;SEBA_C;C;09/07/2002;1,45;FALSO;;;FALSO;;;FALSO;;;;FALSO;FALSO;FALSO;;519
SEBA;SEBA_D;D;09/07/2002;1,45;FALSO;;;FALSO;;;FALSO;;;;FALSO;FALSO;FALSO;;520
SEBA;SEBA_E;E;09/07/2002;1,45;FALSO;;;FALSO;;;FALSO;;;;FALSO;FALSO;FALSO;;521
SEBA;SEBA_F;F;09/07/2002;1,45;FALSO;;;FALSO;;;FALSO;;;;FALSO;FALSO;FALSO;;522
SEBA;SEBA_G;G;09/07/2002;1,45;FALSO;;;FALSO;;;FALSO;;;;FALSO;FALSO;FALSO;;523
SEBA;SEBA_H;H;09/07/2002;1,45;FALSO;;;FALSO;;;FALSO;;;;FALSO;FALSO;FALSO;;524
SEBA;SEBA_I;I;09/07/2002;1,45;FALSO;;;FALSO;;;FALSO;;;;FALSO;FALSO;FALSO;;525
SEBA;SEBA_J;J;09/07/2002;1,45;FALSO;;;FALSO;;;FALSO;;;;FALSO;FALSO;FALSO;;526
SERV;SERV_A;A;03/07/2002;1,58;FALSO;;;FALSO;;;FALSO;;;;FALSO;FALSO;FALSO;;282
SERV;SERV_B;B;03/07/2002;1,58;FALSO;;;FALSO;;;FALSO;;;;FALSO;FALSO;FALSO;;283
SERV;SERV_C;C;03/07/2002;1,58;FALSO;;;FALSO;;;FALSO;;;;FALSO;FALSO;FALSO;;284
SERV;SERV_D;D;03/07/2002;1,58;FALSO;;;FALSO;;;FALSO;;;;FALSO;FALSO;FALSO;;285
SILV;SILV_A;A;;2,12;FALSO;;0,00;FALSO;0;0,00;FALSO;0;0,00;;FALSO;FALSO;FALSO;;527
SILV;SILV_B;B;;2,16;FALSO;;0,00;FALSO;0;0,00;FALSO;0;0,00;;FALSO;FALSO;FALSO;;528
SILV;SILV_C;C;;2,10;FALSO;;0,00;FALSO;0;0,00;FALSO;0;0,00;;FALSO;FALSO;FALSO;;529
SILV;SILV_D;D;;2,09;FALSO;;0,00;FALSO;0;0,00;FALSO;0;0,00;;FALSO;FALSO;FALSO;;530
SILV;SILV_E;E;;2,13;FALSO;;0,00;FALSO;0;0,00;FALSO;0;0,00;;FALSO;FALSO;FALSO;;531
SILV;SILV_F;F;;2,05;FALSO;;0,00;FALSO;0;0,00;FALSO;0;0,00;;FALSO;FALSO;FALSO;;532
SILV;SILV_G;G;;2,08;FALSO;;0,00;FALSO;0;0,00;FALSO;0;0,00;;FALSO;FALSO;FALSO;;533
SILV;SILV_H;H;;2,09;FALSO;;0,00;FALSO;0;0,00;FALSO;0;0,00;;FALSO;FALSO;FALSO;;534
SILV;SILV_I;I;;2,02;FALSO;;0,00;FALSO;0;0,00;FALSO;0;0,00;;FALSO;FALSO;FALSO;;535
SILV;SILV_J;J;;2,78;FALSO;;0,00;FALSO;0;0,00;FALSO;0;0,00;;FALSO;FALSO;FALSO;;536
SIMG;SIMG_A;A;29/06/2004;1,01;FALSO;;0,00;VERO;3;1,48;FALSO;0;0,00;contains small side alter;FALSO;FALSO;VERO;;1299
SIMG;SIMG_B;B;29/06/2004;1,03;FALSO;;0,00;FALSO;0;0,00;FALSO;0;0,00;small carpet in entryway;VERO;FALSO;VERO;;1300
SIMG;SIMG_C;C;29/06/2004;1,01;FALSO;;0,00;VERO;2;1,29;FALSO;0;0,00;contains small side alter;FALSO;FALSO;VERO;;1301
SIMG;SIMG_D;D;29/06/2004;1,03;FALSO;;0,00;FALSO;0;0,00;FALSO;0;0,00;;FALSO;FALSO;VERO;;1302
SIMG;SIMG_E;E;29/06/2004;1,08;FALSO;;0,00;FALSO;0;0,00;FALSO;0;0,00;;FALSO;VERO;VERO;;1303
SIMG;SIMG_F;F;29/06/2004;1,02;FALSO;;0,00;FALSO;0;0,00;FALSO;0;0,00;;FALSO;FALSO;FALSO;;1304
SIMG;SIMG_G;G;29/06/2004;1,05;FALSO;;0,00;VERO;2;1,38;FALSO;0;0,00;contains small side alter;FALSO;VERO;VERO;;1305
SIMG;SIMG_H;H;29/06/2004;1,08;FALSO;;0,00;FALSO;0;0,00;FALSO;0;0,00;portion covered by carpeted wooden platform;FALSO;VERO;VERO;;1306
SIMG;SIMG_I;I;29/06/2004;1,09;FALSO;;0,00;FALSO;0;0,00;FALSO;0;0,00;;FALSO;VERO;VERO;;1307
SIMG;SIMG_J;J;29/06/2004;1,48;VERO;;3,00;VERO;2;1,78;FALSO;0;0,00;side chapel;FALSO;FALSO;FALSO;;1308
SIMG;SIMG_K;K;29/06/2004;1,37;VERO;;0,00;VERO;3;1,82;FALSO;0;0,00;main alter;FALSO;FALSO;VERO;;1309
SIMG;SIMG_L;L;29/06/2004;1,34;FALSO;;2,00;VERO;2;1,64;FALSO;0;0,00;side chapel;FALSO;FALSO;VERO;;1310
SIMG;SIMG_M;M;29/06/2004;1,29;VERO;;2,00;VERO;2;1,59;FALSO;0;0,00;side chapel;FALSO;FALSO;FALSO;;1311
SIMG;SIMG_N;N;29/06/2004;1,34;FALSO;;0,00;FALSO;0;0,00;FALSO;0;0,00;side room, 2 steps;FALSO;FALSO;FALSO;;1312
SLIO;SLIO_A;A;08/07/2003;1,67;FALSO;;0,00;FALSO;0;0,00;FALSO;0;0,00;;FALSO;FALSO;FALSO;;537
SLIO;SLIO_B;B;08/07/2003;1,70;FALSO;;0,00;FALSO;0;0,00;FALSO;0;0,00;;FALSO;FALSO;FALSO;;538
SLIO;SLIO_C;C;08/07/2003;1,72;FALSO;;0,00;FALSO;0;0,00;FALSO;0;0,00;;FALSO;FALSO;FALSO;;539
SLIO;SLIO_D;D;08/07/2003;1,65;FALSO;;0,00;FALSO;0;0,00;FALSO;0;0,00;;FALSO;FALSO;FALSO;;540
SLIO;SLIO_E;E;08/07/2003;1,70;FALSO;;0,00;FALSO;0;0,00;FALSO;0;0,00;;FALSO;FALSO;FALSO;;541
SLIO;SLIO_F;F;08/07/2003;1,72;FALSO;;0,00;FALSO;0;0,00;FALSO;0;0,00;;FALSO;FALSO;FALSO;;542
SLIO;SLIO_G;G;08/07/2003;1,66;FALSO;;0,00;FALSO;0;0,00;FALSO;0;0,00;;FALSO;FALSO;FALSO;;543
SLIO;SLIO_H;H;08/07/2003;1,70;FALSO;;0,00;FALSO;0;0,00;FALSO;0;0,00;;FALSO;FALSO;FALSO;;544
SLIO;SLIO_I;I;08/07/2003;1,70;FALSO;;0,00;FALSO;0;0,00;FALSO;0;0,00;;FALSO;FALSO;FALSO;;545
SLIO;SLIO_J;J;08/07/2003;1,76;FALSO;;0,00;FALSO;0;0,00;FALSO;0;0,00;;FALSO;FALSO;FALSO;;546
SLIO;SLIO_K;K;08/07/2003;2,05;FALSO;;0,00;FALSO;0;0,00;FALSO;0;0,00;;FALSO;FALSO;FALSO;;547
SLIO;SLIO_L;L;08/07/2003;1,81;FALSO;;0,00;FALSO;0;0,00;FALSO;0;0,00;;FALSO;FALSO;FALSO;;548
SOFI;SOFI_A;A;27/06/2002;1,35;FALSO;;;FALSO;;;FALSO;;;;FALSO;FALSO;FALSO;;549
SOFI;SOFI_B;B;27/06/2002;1,35;FALSO;;;FALSO;;;FALSO;;;;FALSO;FALSO;FALSO;;550
SOFI;SOFI_C;C;27/06/2002;1,35;FALSO;;;FALSO;;;FALSO;;;;FALSO;FALSO;FALSO;;551
SOFI;SOFI_D;D;27/06/2002;1,35;FALSO;;;FALSO;;;FALSO;;;;FALSO;FALSO;FALSO;;552
SOFI;SOFI_E;E;27/06/2002;1,35;FALSO;;;FALSO;;;FALSO;;;;FALSO;FALSO;FALSO;;553
SOFI;SOFI_F;F;27/06/2002;1,35;FALSO;;;FALSO;;;FALSO;;;;FALSO;FALSO;FALSO;;554
SOFI;SOFI_G;G;27/06/2002;1,35;FALSO;;;FALSO;;;FALSO;;;;FALSO;FALSO;FALSO;;555
SOFI;SOFI_H;H;27/06/2002;1,35;FALSO;;;FALSO;;;FALSO;;;;FALSO;FALSO;FALSO;;556
SOFI;SOFI_I;I;27/06/2002;1,35;FALSO;;;FALSO;;;FALSO;;;;FALSO;FALSO;FALSO;;557
STAE;STAE_A;A;28/06/2004;1,83;FALSO;;0,00;FALSO;0;0,00;FALSO;0;0,00;;VERO;FALSO;VERO;;649
STAE;STAE_B;B;28/06/2004;1,83;FALSO;;0,00;FALSO;0;0,00;FALSO;0;0,00;;VERO;FALSO;VERO;;650
STAE;STAE_C;C;28/06/2004;1,84;FALSO;;0,00;FALSO;0;0,00;FALSO;0;0,00;;FALSO;FALSO;VERO;;651
STAE;STAE_D;D;28/06/2004;1,85;FALSO;;0,00;FALSO;0;0,00;FALSO;0;0,00;;FALSO;FALSO;VERO;;652
STAE;STAE_E;E;28/06/2004;1,85;FALSO;;0,00;FALSO;0;0,00;FALSO;0;0,00;;FALSO;FALSO;VERO;;653
STAE;STAE_F;F;28/06/2004;1,85;FALSO;;0,00;FALSO;0;0,00;FALSO;0;0,00;;FALSO;FALSO;VERO;;654
STAE;STAE_G;G;28/06/2004;2,49;VERO;;4,00;VERO;5;3,31;FALSO;0;0,00;main alter, small carpet;FALSO;FALSO;VERO;;655
STAE;STAE_H;H;28/06/2004;2,35;VERO;;3,00;VERO;1;2,53;FALSO;0;0,00;side chapel;FALSO;FALSO;FALSO;;656
STAE;STAE_I;I;28/06/2004;2,29;VERO;;3,00;VERO;1;2,44;FALSO;0;0,00;side chapel;FALSO;FALSO;FALSO;;657
STAE;STAE_J;J;28/06/2004;2,35;VERO;;3,00;VERO;1;2,51;FALSO;0;0,00;side chapel;FALSO;FALSO;FALSO;;658
STAE;STAE_K;K;28/06/2004;2,31;VERO;;3,00;VERO;1;2,48;FALSO;0;0,00;side chapel;FALSO;FALSO;FALSO;;659
STAE;STAE_L;L;28/06/2004;2,33;VERO;;3,00;VERO;1;2,49;FALSO;0;0,00;side chapel;FALSO;FALSO;FALSO;;660
STAE;STAE_M;M;28/06/2004;2,30;VERO;;3,00;VERO;1;2,45;FALSO;0;0,00;side chapel;FALSO;FALSO;VERO;;661
STEF;STEF_A;A;05/07/2004;1,14;FALSO;;0,00;VERO;4;1,74;FALSO;0;0,00;contains small alter;FALSO;FALSO;VERO;;1332
STEF;STEF_B;B;05/07/2004;0,88;FALSO;;0,00;FALSO;0;0,00;FALSO;0;0,00;;VERO;FALSO;VERO;;1333
STEF;STEF_C;C;05/07/2004;0,95;FALSO;;0,00;VERO;4;1,57;FALSO;0;0,00;contains small alter, 50 percent covered by organ;FALSO;FALSO;FALSO;;1334
STEF;STEF_D;D;05/07/2004;1,03;FALSO;;0,00;VERO;4;1,68;FALSO;0;0,00;contains small alter;FALSO;FALSO;FALSO;;1335
STEF;STEF_E;E;05/07/2004;0,88;FALSO;;0,00;FALSO;0;0,00;FALSO;0;0,00;;FALSO;FALSO;VERO;;1336
STEF;STEF_F;F;05/07/2004;0,91;FALSO;;0,00;VERO;4;1,55;FALSO;0;0,00;contains small alter;FALSO;FALSO;FALSO;;1337
STEF;STEF_G;G;05/07/2004;1,01;FALSO;;0,00;VERO;4;1,63;FALSO;0;0,00;contains small alter;FALSO;FALSO;FALSO;;1338
STEF;STEF_H;H;05/07/2004;0,85;FALSO;;0,00;FALSO;0;0,00;FALSO;0;0,00;;FALSO;VERO;FALSO;;1339
STEF;STEF_I;I;05/07/2004;0,87;FALSO;;0,00;FALSO;0;0,00;FALSO;0;0,00;;FALSO;FALSO;FALSO;;1340
STEF;STEF_J;J;05/07/2004;0,96;FALSO;;0,00;VERO;4;1,55;FALSO;0;0,00;contains small alter;FALSO;FALSO;FALSO;;1341
STEF;STEF_K;K;05/07/2004;0,84;FALSO;;0,00;FALSO;0;0,00;FALSO;0;0,00;;FALSO;VERO;FALSO;;1342
STEF;STEF_L;L;05/07/2004;1,04;FALSO;;0,00;VERO;4;1,72;FALSO;0;0,00;contains small alter;FALSO;FALSO;FALSO;;1343
STEF;STEF_M;M;05/07/2004;0,88;FALSO;;0,00;VERO;4;1,55;FALSO;0;0,00;contains small alter;FALSO;FALSO;FALSO;;1344
STEF;STEF_N;N;05/07/2004;0,78;FALSO;;0,00;FALSO;0;0,00;FALSO;0;0,00;;FALSO;VERO;VERO;;1345
STEF;STEF_O;O;05/07/2004;0,74;FALSO;;0,00;VERO;4;1,36;FALSO;0;0,00;contains small alter;FALSO;FALSO;VERO;;1346
STEF;STEF_P;P;05/07/2004;1,63;FALSO;;0,00;FALSO;;0,00;FALSO;0;0,00;;FALSO;FALSO;FALSO;;1347
STEF;STEF_Q;Q;05/07/2004;1,64;FALSO;;0,00;FALSO;0;0,00;FALSO;0;0,00;35 percent covered by platform;FALSO;FALSO;VERO;;1348
STEF;STEF_R;R;05/07/2004;1,62;FALSO;;0,00;FALSO;0;0,00;FALSO;0;0,00;;FALSO;FALSO;VERO;;1349
STEF;STEF_S;S;05/07/2004;1,60;VERO;;0,00;VERO;2;1,93;FALSO;0;0,00;side chapel;FALSO;VERO;VERO;;1350
STEF;STEF_T;T;05/07/2004;1,74;VERO;;2,00;VERO;3;2,25;FALSO;0;0,00;side chapel;FALSO;FALSO;VERO;;1351
STEF;STEF_U;U;05/07/2004;2,37;VERO;;6,00;VERO;3;2,82;FALSO;0;0,00;main alter;FALSO;FALSO;FALSO;;1352
STEF;STEF_V;V;05/07/2004;2,38;FALSO;;0,00;FALSO;0;0,00;FALSO;0;0,00;choir;FALSO;FALSO;FALSO;;1353
STEF;STEF_W;W;05/07/2004;1,74;VERO;;2,00;VERO;4;2,37;FALSO;0;0,00;side chapel;FALSO;FALSO;FALSO;;1354
STEF;STEF_X;X;05/07/2004;1,80;VERO;;2,00;VERO;2;2,07;FALSO;0;0,00;sacristy, side chapel;FALSO;FALSO;VERO;;1355
TERE;TERE_A;A;18/06/2004;1,38;FALSO;;0,00;VERO;0;1,38;FALSO;0;0,00;;VERO;FALSO;VERO;;558
TERE;TERE_B;B;18/06/2004;1,34;FALSO;;0,00;VERO;0;1,34;FALSO;0;0,00;Large section of floor collapsing in lower right corner;VERO;FALSO;VERO;;559
TERE;TERE_C;C;18/06/2004;1,34;FALSO;;0,00;VERO;0;1,34;VERO;2;1,65;Large section of floor missing;FALSO;FALSO;VERO;;560
TERE;TERE_D;D;18/06/2004;1,31;FALSO;;0,00;VERO;0;1,31;VERO;2;1,57;;FALSO;FALSO;VERO;;561
TERE;TERE_E;E;18/06/2004;1,69;VERO;;3,00;VERO;3;2,05;FALSO;0;0,00;;FALSO;FALSO;VERO;;562
TOLE;TOLE_A;A;23/06/2004;2,30;FALSO;;0,00;FALSO;0;0,00;FALSO;0;0,00;;VERO;VERO;VERO;;604
TOLE;TOLE_B;B;23/06/2004;2,32;FALSO;;0,00;FALSO;0;0,00;FALSO;0;0,00;;VERO;VERO;VERO;;605
TOLE;TOLE_C;C;23/06/2004;2,34;FALSO;;0,00;FALSO;0;0,00;FALSO;0;0,00;;FALSO;VERO;VERO;;606
TOLE;TOLE_D;D;23/06/2004;2,33;FALSO;;0,00;FALSO;0;0,00;FALSO;0;0,00;;FALSO;VERO;VERO;;607
TOLE;TOLE_E;E;23/06/2004;2,33;FALSO;;0,00;FALSO;0;0,00;FALSO;0;0,00;;FALSO;VERO;VERO;;608
TOLE;TOLE_F;F;23/06/2004;2,32;FALSO;;0,00;FALSO;0;0,00;FALSO;0;0,00;;FALSO;VERO;VERO;;609
TOLE;TOLE_G;G;23/06/2004;2,34;FALSO;;0,00;FALSO;0;0,00;FALSO;0;0,00;;FALSO;FALSO;VERO;;610
TOLE;TOLE_H;H;23/06/2004;2,36;FALSO;;0,00;FALSO;0;0,00;FALSO;0;0,00;;FALSO;VERO;VERO;;611
TOLE;TOLE_I;I;23/06/2004;2,34;FALSO;;0,00;FALSO;0;0,00;FALSO;0;0,00;;FALSO;VERO;VERO;;612
TOLE;TOLE_J;J;23/06/2004;2,30;FALSO;;0,00;FALSO;0;0,00;FALSO;0;0,00;;FALSO;FALSO;VERO;;613
TOLE;TOLE_K;K;23/06/2004;2,34;FALSO;;0,00;FALSO;0;0,00;FALSO;0;0,00;20 percent covered by white marble platform;FALSO;VERO;VERO;;614
TOLE;TOLE_L;L;23/06/2004;2,31;FALSO;;0,00;FALSO;0;0,00;FALSO;0;0,00;20 percent covered by white marble platform;FALSO;VERO;VERO;;615
TOLE;TOLE_M;M;23/06/2004;2,64;VERO;;2,00;VERO;2;2,98;FALSO;0;0,00;side chapel;FALSO;FALSO;VERO;;616
TOLE;TOLE_N;N;23/06/2004;2,60;VERO;;2,00;VERO;2;2,94;FALSO;0;0,00;side chapel;FALSO;FALSO;VERO;;617
TOLE;TOLE_O;O;23/06/2004;2,63;VERO;;2,00;VERO;2;2,97;FALSO;0;0,00;side chapel;FALSO;FALSO;VERO;;618
TOLE;TOLE_P;P;23/06/2004;2,59;VERO;;2,00;VERO;2;2,93;FALSO;0;0,00;side chapel;FALSO;FALSO;VERO;;619
TOLE;TOLE_Q;Q;23/06/2004;2,66;VERO;;2,00;VERO;2;3,00;FALSO;0;0,00;side chapel;FALSO;FALSO;FALSO;;620
TOLE;TOLE_R;R;23/06/2004;2,57;VERO;;2,00;VERO;2;2,91;FALSO;0;0,00;side chapel;FALSO;FALSO;VERO;;621
TOLE;TOLE_S;S;23/06/2004;2,66;VERO;;2,00;VERO;3;3,17;FALSO;0;0,00;side chapel;FALSO;FALSO;FALSO;;622
TOLE;TOLE_T;T;23/06/2004;2,52;VERO;;0,00;VERO;3;3,03;FALSO;0;0,00;side chapel;FALSO;FALSO;FALSO;;623
TOLE;TOLE_U;U;23/06/2004;3,02;VERO;;4,00;VERO;3;3,53;FALSO;0;0,00;main alter, completely covered by new white marble covering;FALSO;FALSO;FALSO;;624
TROV;TROV_A;A;08/07/2002;1,76;FALSO;;;FALSO;;;FALSO;;;;FALSO;FALSO;FALSO;;169
TROV;TROV_B;B;08/07/2002;1,76;FALSO;;;FALSO;;;FALSO;;;;FALSO;FALSO;FALSO;;170
TROV;TROV_C;C;08/07/2002;1,76;FALSO;;;FALSO;;;FALSO;;;;FALSO;FALSO;FALSO;;171
TROV;TROV_D;D;08/07/2002;1,76;FALSO;;;FALSO;;;FALSO;;;;FALSO;FALSO;FALSO;;172
TROV;TROV_E;E;08/07/2002;1,76;FALSO;;;FALSO;;;FALSO;;;;FALSO;FALSO;FALSO;;173
TROV;TROV_F;F;08/07/2002;1,76;FALSO;;;FALSO;;;FALSO;;;;FALSO;FALSO;FALSO;;174
TROV;TROV_G;G;08/07/2002;1,76;FALSO;;;FALSO;;;FALSO;;;;FALSO;FALSO;FALSO;;175
TROV;TROV_H;H;08/07/2002;1,76;FALSO;;;FALSO;;;FALSO;;;;FALSO;FALSO;FALSO;;176
TROV;TROV_I;I;08/07/2002;1,76;FALSO;;;FALSO;;;FALSO;;;;FALSO;FALSO;FALSO;;177
TROV;TROV_J;J;08/07/2002;1,76;FALSO;;;FALSO;;;FALSO;;;;FALSO;FALSO;FALSO;;178
TROV;TROV_K;K;08/07/2002;1,76;FALSO;;;FALSO;;;FALSO;;;;FALSO;FALSO;FALSO;;179
TROV;TROV_L;L;08/07/2002;1,76;FALSO;;;FALSO;;;FALSO;;;;FALSO;FALSO;FALSO;;180
TROV;TROV_M;M;08/07/2002;1,76;FALSO;;;FALSO;;;FALSO;;;;FALSO;FALSO;FALSO;;181
TROV;TROV_N;N;08/07/2002;1,76;FALSO;;;FALSO;;;FALSO;;;;FALSO;FALSO;FALSO;;182
TROV;TROV_O;O;08/07/2002;1,76;FALSO;;;FALSO;;;FALSO;;;;FALSO;FALSO;FALSO;;183
TROV;TROV_P;P;08/07/2002;1,76;FALSO;;;FALSO;;;FALSO;;;;FALSO;FALSO;FALSO;;184
TROV;TROV_Q;Q;08/07/2002;1,76;FALSO;;;FALSO;;;FALSO;;;;FALSO;FALSO;FALSO;;185
TROV;TROV_R;R;08/07/2002;1,76;FALSO;;;FALSO;;;FALSO;;;;FALSO;FALSO;FALSO;;186
TROV;TROV_S;S;08/07/2002;1,76;FALSO;;;FALSO;;;FALSO;;;;FALSO;FALSO;FALSO;;187
TROV;TROV_T;T;08/07/2002;1,76;FALSO;;;FALSO;;;FALSO;;;;FALSO;FALSO;FALSO;;188
TROV;TROV_U;U;08/07/2002;1,76;FALSO;;;FALSO;;;FALSO;;;;FALSO;FALSO;FALSO;;189
TROV;TROV_V;V;08/07/2002;1,76;FALSO;;;FALSO;;;FALSO;;;;FALSO;FALSO;FALSO;;190
VIDA;VIDA_A;A;14/07/2004;2,20;FALSO;;0,00;VERO;0;2,20;VERO;0;2,20;25 percent covered by carpet;VERO;VERO;VERO;;1424
VIDA;VIDA_B;B;14/07/2004;2,21;FALSO;;0,00;VERO;0;2,21;VERO;0;2,21;25 percent covered by carpet;VERO;VERO;VERO;;1425
VIDA;VIDA_C;C;14/07/2004;2,28;FALSO;;0,00;VERO;0;2,28;FALSO;0;0,00;25 percent covered by carpet;FALSO;VERO;VERO;;1426
VIDA;VIDA_D;D;14/07/2004;2,29;FALSO;;0,00;VERO;0;2,29;FALSO;0;0,00;25 percent covered by carpet;FALSO;VERO;VERO;;1427
VIDA;VIDA_E;E;14/07/2004;2,97;VERO;;5,00;VERO;3;3,40;FALSO;0;0,00;main alter, floor in excellent condition;FALSO;FALSO;VERO;;1428
VIGN;VIGN_A;A;25/06/2003;1,56;FALSO;;0,00;FALSO;0;0,00;FALSO;0;0,00;;FALSO;FALSO;FALSO;;563
VIGN;VIGN_B;B;25/06/2003;1,55;FALSO;;0,00;FALSO;0;0,00;FALSO;0;0,00;;FALSO;FALSO;FALSO;;564
VIGN;VIGN_C;C;25/06/2003;1,54;FALSO;;0,00;FALSO;0;0,00;FALSO;0;0,00;;FALSO;FALSO;FALSO;;565
VIGN;VIGN_D;D;25/06/2003;1,48;FALSO;;0,00;FALSO;0;0,00;FALSO;0;0,00;;FALSO;FALSO;FALSO;;566
VIGN;VIGN_E;E;25/06/2003;1,45;FALSO;;0,00;VERO;2;0,00;VERO;2;0,00;;FALSO;FALSO;FALSO;;567
VIGN;VIGN_F;F;25/06/2003;1,43;FALSO;;0,00;FALSO;0;0,00;FALSO;0;0,00;;FALSO;FALSO;FALSO;;568
VIGN;VIGN_G;G;25/06/2003;1,76;VERO;Smaller Red and White Checkered;2,00;VERO;3;0,00;FALSO;0;0,00;;FALSO;FALSO;FALSO;;569
VIGN;VIGN_H;H;25/06/2003;1,75;VERO;Smaller Red and White Checkered;3,00;VERO;3;0,00;FALSO;0;0,00;;FALSO;FALSO;FALSO;;570
VIGN;VIGN_I;I;25/06/2003;1,76;VERO;Smaller Red and White Checkered;3,00;VERO;3;0,00;FALSO;0;0,00;;FALSO;FALSO;FALSO;;571
VIGN;VIGN_J;J;25/06/2003;1,77;VERO;Smaller Red and White Checkered;3,00;VERO;3;0,00;FALSO;0;0,00;;FALSO;FALSO;FALSO;;572
VIGN;VIGN_K;K;25/06/2003;1,71;VERO;Smaller Red and White Checkered;3,00;VERO;3;0,00;FALSO;0;0,00;;FALSO;FALSO;FALSO;;573
VIGN;VIGN_L;L;25/06/2003;1,39;FALSO;;0,00;VERO;3;0,00;FALSO;0;0,00;;FALSO;FALSO;FALSO;;574
VIGN;VIGN_M;M;25/06/2003;1,80;VERO;Hexagon with grey white and black;3,00;VERO;3;0,00;FALSO;0;0,00;;FALSO;FALSO;FALSO;;575
VIGN;VIGN_N;N;25/06/2003;1,75;VERO;;3,00;VERO;6;0,00;FALSO;0;0,00;;FALSO;FALSO;FALSO;;576
VIGN;VIGN_O;O;25/06/2003;1,78;VERO;;0,00;VERO;3;0,00;FALSO;0;0,00;;FALSO;FALSO;FALSO;;577
VIGN;VIGN_P;P;25/06/2003;1,30;FALSO;;0,00;VERO;3;0,00;FALSO;0;0,00;;FALSO;FALSO;FALSO;;578
VIGN;VIGN_Q;Q;25/06/2003;1,74;VERO;Hexagon with red white and black;3,00;VERO;3;0,00;FALSO;0;0,00;;FALSO;FALSO;FALSO;;579
VIGN;VIGN_R;R;25/06/2003;1,82;VERO;Smaller Red and White Checkered;3,00;VERO;3;0,00;FALSO;0;0,00;;FALSO;FALSO;FALSO;;580
VIGN;VIGN_S;S;25/06/2003;1,86;VERO;;3,00;VERO;3;0,00;FALSO;0;0,00;;FALSO;FALSO;FALSO;;581
VIGN;VIGN_T;T;25/06/2003;1,87;VERO;hexagon red white black;3,00;VERO;3;0,00;FALSO;0;0,00;;FALSO;FALSO;FALSO;;582
VIGN;VIGN_U;U;25/06/2003;1,79;VERO;Smaller Red and White Checkered;3,00;VERO;3;0,00;FALSO;0;0,00;;FALSO;FALSO;FALSO;;583
VISI;VISI_A;A;08/07/2002;1,42;FALSO;;;FALSO;;;FALSO;;;;FALSO;FALSO;FALSO;;584
VISI;VISI_B;B;08/07/2002;1,42;FALSO;;;FALSO;;;FALSO;;;;FALSO;FALSO;FALSO;;585
VISI;VISI_C;C;08/07/2002;1,42;FALSO;;;FALSO;;;FALSO;;;;FALSO;FALSO;FALSO;;586
VISI;VISI_D;D;08/07/2002;1,42;FALSO;;;FALSO;;;FALSO;;;;FALSO;FALSO;FALSO;;587
VISI;VISI_E;E;08/07/2002;1,42;FALSO;;;FALSO;;;FALSO;;;;FALSO;FALSO;FALSO;;588
ZACC;ZACC_A;A;17/06/2003;1,62;FALSO;;0,00;VERO;3;0,00;FALSO;0;0,00;;FALSO;FALSO;FALSO;;589
ZACC;ZACC_B;B;27/06/2003;1,67;FALSO;;0,00;FALSO;0;0,00;FALSO;0;0,00;;FALSO;FALSO;FALSO;;590
ZACC;ZACC_C;C;17/06/2003;1,67;FALSO;;0,00;VERO;3;0,00;FALSO;0;0,00;;FALSO;FALSO;FALSO;;591
ZACC;ZACC_D;D;17/06/2003;1,61;FALSO;;0,00;VERO;3;0,00;FALSO;0;0,00;;FALSO;FALSO;FALSO;;592
ZACC;ZACC_E;E;17/06/2003;1,63;FALSO;;0,00;FALSO;0;0,00;FALSO;0;0,00;;FALSO;FALSO;FALSO;;593
ZACC;ZACC_F;F;17/06/2003;1,79;FALSO;;0,00;VERO;3;0,00;FALSO;0;0,00;;FALSO;FALSO;FALSO;;594
ZACC;ZACC_G;G;27/06/2003;1,51;FALSO;;0,00;FALSO;0;0,00;FALSO;0;0,00;;FALSO;FALSO;FALSO;;595
ZACC;ZACC_H;H;17/06/2003;1,56;FALSO;;0,00;VERO;2;0,00;FALSO;0;0,00;;FALSO;FALSO;FALSO;;596
ZACC;ZACC_I;I;17/06/2003;1,59;FALSO;;0,00;FALSO;0;0,00;FALSO;0;0,00;;FALSO;FALSO;FALSO;;597
ZACC;ZACC_J;J;17/06/2003;2,09;VERO;Standard Red and White Checkered;2,00;VERO;0;0,00;VERO;0;0,00;;FALSO;FALSO;FALSO;;598
ZACC;ZACC_K;K;17/06/2003;1,69;VERO;Standard Red and White Checkered;2,00;VERO;2;0,00;FALSO;0;0,00;;FALSO;FALSO;FALSO;;599
ZACC;ZACC_L;L;17/06/2003;2,61;VERO;Standard Red and White Checkered;0,00;VERO;0;0,00;FALSO;0;0,00;;FALSO;FALSO;FALSO;;600
ZACC;ZACC_M;M;17/06/2003;1,75;VERO;Red checkered squares with Mosaic;0,00;VERO;1;0,00;FALSO;0;0,00;;FALSO;FALSO;FALSO;;601
ZACC;ZACC_N;N;17/06/2003;1,83;VERO;different style floor, 12th century floor;2,00;VERO;3;0,00;FALSO;0;0,00;;FALSO;FALSO;FALSO;;602
ZACC;ZACC_O;O;17/06/2003;1,77;VERO;;1,00;FALSO;0;0,00;FALSO;0;0,00;;FALSO;FALSO;FALSO;;603
ZAND;ZAND_A;A;24/06/2004;1,66;FALSO;;0,00;VERO;2;1,89;FALSO;0;0,00;contains small alter;VERO;VERO;FALSO;;625
ZAND;ZAND_B;B;24/06/2004;1,66;FALSO;;0,00;VERO;2;1,93;FALSO;0;0,00;contains small alter;VERO;VERO;FALSO;;626
ZAND;ZAND_C;C;24/06/2004;1,66;FALSO;;0,00;VERO;2;2,00;FALSO;0;0,00;contains small alter, small brown stains;FALSO;VERO;FALSO;;627
ZAND;ZAND_D;D;24/06/2004;1,64;FALSO;;0,00;VERO;2;1,98;FALSO;0;0,00;contains small alter;FALSO;VERO;FALSO;;628
ZAND;ZAND_E;E;24/06/2004;1,78;VERO;;1,00;VERO;1;1,91;FALSO;0;0,00;contains small alter;FALSO;FALSO;VERO;;629
ZAND;ZAND_F;F;24/06/2004;1,96;VERO;;2,00;VERO;3;2,31;FALSO;0;0,00;contains main alter;FALSO;FALSO;VERO;;630
ZAND;ZAND_G;G;24/06/2004;1,76;VERO;;1,00;VERO;1;1,86;FALSO;0;0,00;contains small alter;FALSO;FALSO;FALSO;;631
ZULI;ZULI_A;A;01/07/2004;1,59;FALSO;;0,00;VERO;3;2,08;FALSO;0;0,00;;FALSO;FALSO;VERO;;1320
ZULI;ZULI_B;B;01/07/2004;1,60;FALSO;;0,00;FALSO;0;0,00;FALSO;0;0,00;;VERO;VERO;VERO;;1321
ZULI;ZULI_C;C;01/07/2004;1,58;FALSO;;0,00;VERO;0;2,01;FALSO;0;0,00;contains small side alter;FALSO;FALSO;VERO;;1322
ZULI;ZULI_D;D;01/07/2004;1,58;FALSO;;0,00;VERO;3;2,08;FALSO;0;0,00;contains small side alter;FALSO;FALSO;VERO;;1323
ZULI;ZULI_E;E;01/07/2004;1,63;FALSO;;0,00;FALSO;0;0,00;FALSO;0;0,00;;FALSO;VERO;VERO;;1324
ZULI;ZULI_F;F;01/07/2004;1,53;FALSO;;0,00;VERO;3;1,97;FALSO;0;0,00;contains small side alter;FALSO;FALSO;VERO;;1325
ZULI;ZULI_G;G;01/07/2004;2,15;VERO;;3,00;VERO;1;2,30;FALSO;0;0,00;side chapel;FALSO;FALSO;FALSO;;1326
ZULI;ZULI_H;H;01/07/2004;2,18;VERO;;3,00;VERO;4;2,82;FALSO;0;0,00;main alter;FALSO;FALSO;VERO;;1327
ZULI;ZULI_I;I;01/07/2004;2,16;VERO;;3,00;VERO;3;2,33;FALSO;0;0,00;side chapel;FALSO;FALSO;FALSO;;1328
